sigma,init_a,final_awake_rate,replicate,worker_id
49.73157842105263,0.04488073817207791,0.05454906231518861,1,2
49.73157842105263,0.04488073817207791,0.013693902954452006,2,3
49.73157842105263,0.04488073817207791,0.006936770749254238,3,4
49.73157842105263,0.04488073817207791,0.003132046102571314,4,5
49.73157842105263,0.04488073817207791,0.014192113332108007,5,6
49.73157842105263,0.04488073817207791,0.0029584770673193035,6,7
49.73157842105263,0.04488073817207791,0.012543330143214664,7,8
49.73157842105263,0.04488073817207791,0.003205787198816495,8,9
49.73157842105263,0.04488073817207791,0.0046112119101509395,9,10
49.73157842105263,0.04488073817207791,0.029107504350037262,10,11
49.73157842105263,0.06619268399772696,0.0725611163826284,1,12
49.73157842105263,0.06619268399772696,0.004162730738308313,2,13
49.73157842105263,0.06619268399772696,0.05732371556393143,3,14
49.73157842105263,0.06619268399772696,0.030677302609587467,4,15
49.73157842105263,0.06619268399772696,0.05742109762087737,5,16
49.73157842105263,0.06619268399772696,0.04058428345257488,6,17
49.73157842105263,0.06619268399772696,0.05908753415740307,7,17
49.73157842105263,0.06619268399772696,0.003259486033989666,8,5
49.73157842105263,0.06619268399772696,0.010251442382349055,9,14
49.73157842105263,0.06619268399772696,0.0017717860658070874,10,7
49.73157842105263,0.09762476272167929,0.00784659601303022,1,8
49.73157842105263,0.09762476272167929,0.025473809945405258,2,2
49.73157842105263,0.09762476272167929,0.001640837484628358,3,6
49.73157842105263,0.09762476272167929,0.12417293373098465,4,16
49.73157842105263,0.09762476272167929,0.009816862090087506,5,11
49.73157842105263,0.09762476272167929,0.009582438454871415,6,9
49.73157842105263,0.09762476272167929,0.018172472570486414,7,13
49.73157842105263,0.09762476272167929,0.03371676206274009,8,12
49.73157842105263,0.09762476272167929,0.06814402815796129,9,4
49.73157842105263,0.09762476272167929,0.009407260438254236,10,15
49.73157842105263,0.14398259325443524,0.07415610756951846,1,10
49.73157842105263,0.14398259325443524,0.00751272086673148,2,3
49.73157842105263,0.14398259325443524,0.08510830611890875,3,5
49.73157842105263,0.14398259325443524,0.020336572012241497,4,14
49.73157842105263,0.14398259325443524,0.010183165680333802,5,17
49.73157842105263,0.14398259325443524,0.03136970932111906,6,8
49.73157842105263,0.14398259325443524,0.0008334223147848873,7,13
49.73157842105263,0.14398259325443524,0.05346141624824561,8,7
49.73157842105263,0.14398259325443524,0.003449895584545312,9,16
49.73157842105263,0.14398259325443524,0.007166865985337481,10,9
49.73157842105263,0.21235377769239233,0.002742640199497321,1,2
49.73157842105263,0.21235377769239233,0.04072806169752324,2,6
49.73157842105263,0.21235377769239233,0.06549163469029083,3,11
49.73157842105263,0.21235377769239233,0.0227542187730157,4,5
49.73157842105263,0.21235377769239233,0.023178588441144628,5,12
49.73157842105263,0.21235377769239233,0.03598305956894867,6,10
49.73157842105263,0.21235377769239233,0.04198769935545908,7,4
49.73157842105263,0.21235377769239233,0.025713921495505138,8,14
49.73157842105263,0.21235377769239233,0.028423826280860088,9,15
49.73157842105263,0.21235377769239233,0.011340871620479798,10,3
49.73157842105263,0.3131915176756464,0.06777239158953656,1,8
49.73157842105263,0.3131915176756464,0.18597632901688904,2,13
49.73157842105263,0.3131915176756464,0.014467178765900745,3,17
49.73157842105263,0.3131915176756464,0.05460886686709889,4,5
49.73157842105263,0.3131915176756464,0.04648592597466858,5,4
49.73157842105263,0.3131915176756464,0.009166020168512642,6,14
49.73157842105263,0.3131915176756464,0.02649309124505241,7,2
49.73157842105263,0.3131915176756464,0.02478349172442225,8,6
49.73157842105263,0.3131915176756464,0.13571091618247297,9,7
49.73157842105263,0.3131915176756464,0.006943599214363441,10,9
49.73157842105263,0.46191279387579304,0.27235688026674565,1,16
49.73157842105263,0.46191279387579304,0.022695538377649056,2,10
49.73157842105263,0.46191279387579304,0.008694319453110442,3,15
49.73157842105263,0.46191279387579304,0.04419325991183086,4,12
49.73157842105263,0.46191279387579304,0.07366819605339905,5,11
49.73157842105263,0.46191279387579304,0.018423542742229897,6,3
49.73157842105263,0.46191279387579304,0.027364734761851174,7,5
49.73157842105263,0.46191279387579304,0.007200017405070566,8,13
49.73157842105263,0.46191279387579304,0.030908426811647353,9,8
49.73157842105263,0.46191279387579304,0.05438172614378739,10,14
49.73157842105263,0.6812554526687684,0.07391028301305654,1,17
49.73157842105263,0.6812554526687684,0.0823494877117379,2,4
49.73157842105263,0.6812554526687684,0.03761200281415116,3,2
49.73157842105263,0.6812554526687684,0.034262917316498345,4,6
49.73157842105263,0.6812554526687684,0.10560536632695683,5,11
49.73157842105263,0.6812554526687684,0.02568301900164413,6,9
49.73157842105263,0.6812554526687684,0.02708998230984604,7,16
49.73157842105263,0.6812554526687684,0.14946110412702265,8,7
49.73157842105263,0.6812554526687684,0.051443950781459837,9,10
49.73157842105263,0.6812554526687684,0.0307313414223984,10,5
49.73157842105263,1.0047545726038207,0.026388359533525776,1,15
49.73157842105263,1.0047545726038207,0.08146297813225609,2,13
49.73157842105263,1.0047545726038207,0.014310597660593212,3,12
49.73157842105263,1.0047545726038207,0.14984178278191965,4,14
49.73157842105263,1.0047545726038207,0.6237978184742128,5,3
49.73157842105263,1.0047545726038207,0.03455341392711606,6,8
49.73157842105263,1.0047545726038207,0.019907411674913812,7,2
49.73157842105263,1.0047545726038207,0.08859791608313067,8,11
49.73157842105263,1.0047545726038207,0.029499617063984795,9,17
49.73157842105263,1.0047545726038207,0.07162065586097933,10,4
49.73157842105263,1.4818696088428454,0.0959358060512081,1,6
49.73157842105263,1.4818696088428454,0.043594502207574416,2,5
49.73157842105263,1.4818696088428454,0.013376718332768081,3,14
49.73157842105263,1.4818696088428454,0.02812752293021482,4,9
49.73157842105263,1.4818696088428454,0.034194180159682515,5,16
49.73157842105263,1.4818696088428454,0.2765423978497345,6,13
49.73157842105263,1.4818696088428454,0.07975527366723387,7,7
49.73157842105263,1.4818696088428454,0.05445336728362451,8,3
49.73157842105263,1.4818696088428454,0.0063093309844438235,9,15
49.73157842105263,1.4818696088428454,0.08169162027498662,10,10
49.73157842105263,2.185546199527391,0.035290876008028174,1,12
49.73157842105263,2.185546199527391,1.3368868842399193,2,2
49.73157842105263,2.185546199527391,6.38872613687838,3,8
49.73157842105263,2.185546199527391,0.4866706318707558,4,4
49.73157842105263,2.185546199527391,0.03187835461038886,5,5
49.73157842105263,2.185546199527391,0.031918476640010164,6,14
49.73157842105263,2.185546199527391,0.01633926141690567,7,11
49.73157842105263,2.185546199527391,26.534701192327088,8,17
49.73157842105263,2.185546199527391,0.022841950171746273,9,13
49.73157842105263,2.185546199527391,20.30008032587072,10,3
49.73157842105263,3.2233687510459736,25.46346916437626,1,6
49.73157842105263,3.2233687510459736,37.234871656095265,2,9
49.73157842105263,3.2233687510459736,0.10964697828684064,3,16
49.73157842105263,3.2233687510459736,0.14667654117863022,4,2
49.73157842105263,3.2233687510459736,35.19084722196509,5,7
49.73157842105263,3.2233687510459736,41.550592763739296,6,15
49.73157842105263,3.2233687510459736,49.31772889581411,7,10
49.73157842105263,3.2233687510459736,34.319553594576185,8,12
49.73157842105263,3.2233687510459736,0.05081657791635632,9,5
49.73157842105263,3.2233687510459736,40.654407719739325,10,11
49.73157842105263,4.754008909748038,55.2126990328793,1,13
49.73157842105263,4.754008909748038,39.44702308079299,2,4
49.73157842105263,4.754008909748038,51.77506915393694,3,14
49.73157842105263,4.754008909748038,50.06762432084537,4,8
49.73157842105263,4.754008909748038,32.65538771045412,5,2
49.73157842105263,4.754008909748038,0.5845769764693379,6,6
49.73157842105263,4.754008909748038,52.40299092599818,7,3
49.73157842105263,4.754008909748038,43.30219441622092,8,16
49.73157842105263,4.754008909748038,72.96054157462991,9,5
49.73157842105263,4.754008909748038,35.56445003916207,10,17
49.73157842105263,7.011484710407719,36.39743175667571,1,15
49.73157842105263,7.011484710407719,38.07718904121678,2,6
49.73157842105263,7.011484710407719,30.782291326945085,3,7
49.73157842105263,7.011484710407719,39.006653431392806,4,9
49.73157842105263,7.011484710407719,41.99335350282539,5,13
49.73157842105263,7.011484710407719,39.98474367358971,6,11
49.73157842105263,7.011484710407719,73.66024815484641,7,8
49.73157842105263,7.011484710407719,63.880024454783204,8,12
49.73157842105263,7.011484710407719,57.15845436149542,9,10
49.73157842105263,7.011484710407719,31.273029014892785,10,4
49.73157842105263,10.34093935824895,54.161929901615075,1,14
49.73157842105263,10.34093935824895,58.785845884213614,2,15
49.73157842105263,10.34093935824895,40.35552037094511,3,16
49.73157842105263,10.34093935824895,51.698702327201104,4,13
49.73157842105263,10.34093935824895,31.817468366903846,5,17
49.73157842105263,10.34093935824895,58.358141923778824,6,6
49.73157842105263,10.34093935824895,76.59707940901345,7,2
49.73157842105263,10.34093935824895,45.1879558106186,8,7
49.73157842105263,10.34093935824895,45.20857596168491,9,9
49.73157842105263,10.34093935824895,49.13311306670679,10,10
49.73157842105263,15.251409826545087,54.58677248961202,1,8
49.73157842105263,15.251409826545087,51.97099219515824,2,5
49.73157842105263,15.251409826545087,60.45100771092602,3,11
49.73157842105263,15.251409826545087,71.27857663059889,4,12
49.73157842105263,15.251409826545087,24.28827659696828,5,3
49.73157842105263,15.251409826545087,86.20333145936624,6,15
49.73157842105263,15.251409826545087,83.11764385327605,7,6
49.73157842105263,15.251409826545087,86.12295872198581,8,4
49.73157842105263,15.251409826545087,58.0642497969696,9,17
49.73157842105263,15.251409826545087,75.0623485604839,10,16
49.73157842105263,22.493653007614338,71.30681311456388,1,10
49.73157842105263,22.493653007614338,86.29152853270024,2,7
49.73157842105263,22.493653007614338,74.80905900533408,3,2
49.73157842105263,22.493653007614338,61.39136302799998,4,12
49.73157842105263,22.493653007614338,50.8087004491513,5,9
49.73157842105263,22.493653007614338,83.24901718178829,6,14
49.73157842105263,22.493653007614338,101.03445182323345,7,8
49.73157842105263,22.493653007614338,94.5505518652671,8,13
49.73157842105263,22.493653007614338,88.19190629720131,9,6
49.73157842105263,22.493653007614338,67.31689720116593,10,3
54.46315736842105,0.04488073817207791,0.023426814381532997,1,10
54.46315736842105,0.04488073817207791,0.008225415709233639,2,5
54.46315736842105,0.04488073817207791,0.00377193419295627,3,11
54.46315736842105,0.04488073817207791,0.0018682553831960871,4,10
54.46315736842105,0.04488073817207791,0.012913945952673218,5,17
54.46315736842105,0.04488073817207791,0.00818346584906027,6,12
54.46315736842105,0.04488073817207791,0.010523370151760466,7,5
54.46315736842105,0.04488073817207791,0.03668574594804445,8,2
54.46315736842105,0.04488073817207791,0.03640400523658581,9,15
54.46315736842105,0.04488073817207791,0.017376130154951357,10,11
54.46315736842105,0.06619268399772696,0.003780843221923588,1,10
54.46315736842105,0.06619268399772696,0.008966112597442613,2,2
54.46315736842105,0.06619268399772696,0.013000372113977823,3,5
54.46315736842105,0.06619268399772696,0.024760186889395464,4,12
54.46315736842105,0.06619268399772696,0.01936159558016701,5,16
54.46315736842105,0.06619268399772696,0.003403852743529225,6,17
54.46315736842105,0.06619268399772696,0.006366596784447284,7,4
54.46315736842105,0.06619268399772696,0.0005885871265944128,8,15
54.46315736842105,0.06619268399772696,0.010459781972388126,9,6
54.46315736842105,0.06619268399772696,0.022256249925447173,10,11
54.46315736842105,0.09762476272167929,0.014688064180896318,1,12
54.46315736842105,0.09762476272167929,0.007321478258654223,2,9
54.46315736842105,0.09762476272167929,0.014082571701688383,3,8
54.46315736842105,0.09762476272167929,0.09358521066101719,4,10
54.46315736842105,0.09762476272167929,0.006326611835430179,5,2
54.46315736842105,0.09762476272167929,0.05098084814072715,6,5
54.46315736842105,0.09762476272167929,0.026164550162835292,7,15
54.46315736842105,0.09762476272167929,0.013426497526064715,8,7
54.46315736842105,0.09762476272167929,0.09480472695240469,9,6
54.46315736842105,0.09762476272167929,0.04565318846380036,10,17
54.46315736842105,0.14398259325443524,0.010970169827372662,1,16
54.46315736842105,0.14398259325443524,0.006332162158230322,2,4
54.46315736842105,0.14398259325443524,0.015413627585851917,3,12
54.46315736842105,0.14398259325443524,0.04587364451841606,4,8
54.46315736842105,0.14398259325443524,0.023679172139578777,5,3
54.46315736842105,0.14398259325443524,0.010976878701047181,6,2
54.46315736842105,0.14398259325443524,0.004464629436923273,7,11
54.46315736842105,0.14398259325443524,0.005906869593154212,8,9
54.46315736842105,0.14398259325443524,0.12968084861720452,9,10
54.46315736842105,0.14398259325443524,0.009149552017380063,10,6
54.46315736842105,0.21235377769239233,0.009603266811811235,1,5
54.46315736842105,0.21235377769239233,0.03868745738670548,2,17
54.46315736842105,0.21235377769239233,0.08115407854719317,3,15
54.46315736842105,0.21235377769239233,0.00657793345298368,4,7
54.46315736842105,0.21235377769239233,0.06308227302132774,5,8
54.46315736842105,0.21235377769239233,0.0096371999484719,6,12
54.46315736842105,0.21235377769239233,0.016515304837532892,7,16
54.46315736842105,0.21235377769239233,0.08617127597091367,8,4
54.46315736842105,0.21235377769239233,0.006136834654745449,9,10
54.46315736842105,0.21235377769239233,0.008072476426415367,10,13
54.46315736842105,0.3131915176756464,0.007420130554013448,1,6
54.46315736842105,0.3131915176756464,0.004401837547852773,2,3
54.46315736842105,0.3131915176756464,0.09419377708768098,3,2
54.46315736842105,0.3131915176756464,0.014490316631842491,4,11
54.46315736842105,0.3131915176756464,0.01369547305684556,5,17
54.46315736842105,0.3131915176756464,0.0138966730990566,6,9
54.46315736842105,0.3131915176756464,0.016660491069870064,7,14
54.46315736842105,0.3131915176756464,0.1442267060855273,8,7
54.46315736842105,0.3131915176756464,0.058809189046919744,9,5
54.46315736842105,0.3131915176756464,0.012803238144344014,10,15
54.46315736842105,0.46191279387579304,0.0683439024883158,1,12
54.46315736842105,0.46191279387579304,0.019106550713119782,2,10
54.46315736842105,0.46191279387579304,0.013378881085682104,3,16
54.46315736842105,0.46191279387579304,0.1335642329115453,4,8
54.46315736842105,0.46191279387579304,0.09608765522300756,5,4
54.46315736842105,0.46191279387579304,0.02928111108369184,6,2
54.46315736842105,0.46191279387579304,0.07782205370306361,7,3
54.46315736842105,0.46191279387579304,0.010998867393472273,8,13
54.46315736842105,0.46191279387579304,0.04922655115297115,9,7
54.46315736842105,0.46191279387579304,0.03158444587461331,10,6
54.46315736842105,0.6812554526687684,0.07054967204066921,1,17
54.46315736842105,0.6812554526687684,0.025706358368452076,2,11
54.46315736842105,0.6812554526687684,0.2336336943970916,3,12
54.46315736842105,0.6812554526687684,0.051524822116463025,4,9
54.46315736842105,0.6812554526687684,0.02302938208227424,5,14
54.46315736842105,0.6812554526687684,0.01599853259882362,6,10
54.46315736842105,0.6812554526687684,0.0641558338168923,7,5
54.46315736842105,0.6812554526687684,0.04999205688052534,8,15
54.46315736842105,0.6812554526687684,0.05224043626558197,9,3
54.46315736842105,0.6812554526687684,0.1328545408717434,10,2
54.46315736842105,1.0047545726038207,0.029009756458638472,1,16
54.46315736842105,1.0047545726038207,0.03824021114644483,2,8
54.46315736842105,1.0047545726038207,0.07445008190494504,3,4
54.46315736842105,1.0047545726038207,0.05204736709862493,4,11
54.46315736842105,1.0047545726038207,0.028308013421163455,5,7
54.46315736842105,1.0047545726038207,0.012736684533048095,6,17
54.46315736842105,1.0047545726038207,0.09978109152189,7,13
54.46315736842105,1.0047545726038207,0.10321989885059087,8,6
54.46315736842105,1.0047545726038207,0.07837264433898072,9,9
54.46315736842105,1.0047545726038207,0.01102806222875448,10,12
54.46315736842105,1.4818696088428454,0.06794982070291644,1,3
54.46315736842105,1.4818696088428454,0.03789522813631233,2,10
54.46315736842105,1.4818696088428454,0.06159576982813794,3,14
54.46315736842105,1.4818696088428454,0.08714642958127682,4,5
54.46315736842105,1.4818696088428454,0.054246268885081474,5,2
54.46315736842105,1.4818696088428454,0.034101083437880195,6,15
54.46315736842105,1.4818696088428454,0.12308261417072484,7,11
54.46315736842105,1.4818696088428454,0.019371441087725545,8,17
54.46315736842105,1.4818696088428454,0.09487717949344225,9,16
54.46315736842105,1.4818696088428454,0.031210899432900844,10,7
54.46315736842105,2.185546199527391,37.15442971678697,1,4
54.46315736842105,2.185546199527391,0.05117382546062567,2,8
54.46315736842105,2.185546199527391,0.13019613395607174,3,12
54.46315736842105,2.185546199527391,46.860191141030306,4,3
54.46315736842105,2.185546199527391,0.08667169878423826,5,13
54.46315736842105,2.185546199527391,0.03517824100668005,6,6
54.46315736842105,2.185546199527391,0.13477081050389034,7,9
54.46315736842105,2.185546199527391,0.07296058808370824,8,2
54.46315736842105,2.185546199527391,0.08505710978050689,9,15
54.46315736842105,2.185546199527391,0.09775707893656431,10,10
54.46315736842105,3.2233687510459736,0.1555524864272338,1,5
54.46315736842105,3.2233687510459736,0.05978435198234446,2,14
54.46315736842105,3.2233687510459736,57.731797031271334,3,7
54.46315736842105,3.2233687510459736,0.016477295437900486,4,8
54.46315736842105,3.2233687510459736,0.08280489032163951,5,11
54.46315736842105,3.2233687510459736,47.5630431007242,6,17
54.46315736842105,3.2233687510459736,0.016525526931324946,7,12
54.46315736842105,3.2233687510459736,49.76160834139474,8,16
54.46315736842105,3.2233687510459736,0.06135408385848016,9,15
54.46315736842105,3.2233687510459736,0.010074130445940509,10,9
54.46315736842105,4.754008909748038,37.74307011905953,1,6
54.46315736842105,4.754008909748038,0.06594280471952682,2,13
54.46315736842105,4.754008909748038,50.61819436294997,3,2
54.46315736842105,4.754008909748038,1.2211964237171786,4,10
54.46315736842105,4.754008909748038,67.36579225614294,5,5
54.46315736842105,4.754008909748038,30.187140167260164,6,14
54.46315736842105,4.754008909748038,54.25476807554472,7,8
54.46315736842105,4.754008909748038,58.62627913888751,8,15
54.46315736842105,4.754008909748038,37.87994993010576,9,11
54.46315736842105,4.754008909748038,41.91750434721841,10,12
54.46315736842105,7.011484710407719,61.6785615112657,1,9
54.46315736842105,7.011484710407719,76.37174720432155,2,4
54.46315736842105,7.011484710407719,82.07307757332836,3,13
54.46315736842105,7.011484710407719,68.44692746703332,4,17
54.46315736842105,7.011484710407719,52.97726637093478,5,3
54.46315736842105,7.011484710407719,54.42952224290045,6,7
54.46315736842105,7.011484710407719,96.88924250698082,7,10
54.46315736842105,7.011484710407719,37.5973016968273,8,2
54.46315736842105,7.011484710407719,72.30082069984171,9,6
54.46315736842105,7.011484710407719,44.245024796224804,10,16
54.46315736842105,10.34093935824895,49.485048987656135,1,14
54.46315736842105,10.34093935824895,73.70288530105762,2,11
54.46315736842105,10.34093935824895,74.0752712566574,3,15
54.46315736842105,10.34093935824895,63.92556368437891,4,12
54.46315736842105,10.34093935824895,62.65653632241423,5,7
54.46315736842105,10.34093935824895,78.5718090518885,6,8
54.46315736842105,10.34093935824895,63.29781247686223,7,9
54.46315736842105,10.34093935824895,61.58707806172924,8,3
54.46315736842105,10.34093935824895,65.14714756319914,9,17
54.46315736842105,10.34093935824895,75.22547087253585,10,6
54.46315736842105,15.251409826545087,72.55574558782145,1,13
54.46315736842105,15.251409826545087,76.54265887409004,2,4
54.46315736842105,15.251409826545087,50.90108905662013,3,14
54.46315736842105,15.251409826545087,69.76927953007403,4,2
54.46315736842105,15.251409826545087,57.56079511892646,5,5
54.46315736842105,15.251409826545087,59.09266468039199,6,16
54.46315736842105,15.251409826545087,55.969251837242076,7,15
54.46315736842105,15.251409826545087,44.384217130297664,8,7
54.46315736842105,15.251409826545087,46.86620012349377,9,8
54.46315736842105,15.251409826545087,68.46102688851504,10,14
54.46315736842105,22.493653007614338,56.030656070142896,1,10
54.46315736842105,22.493653007614338,70.72189993287022,2,12
54.46315736842105,22.493653007614338,62.95178938616262,3,4
54.46315736842105,22.493653007614338,59.15236975754555,4,11
54.46315736842105,22.493653007614338,55.93522748610618,5,9
54.46315736842105,22.493653007614338,80.48372200159393,6,6
54.46315736842105,22.493653007614338,56.867544822439186,7,3
54.46315736842105,22.493653007614338,80.58285167847532,8,17
54.46315736842105,22.493653007614338,78.89608336038184,9,16
54.46315736842105,22.493653007614338,53.07396356456135,10,15
59.19473631578947,0.04488073817207791,0.001389174121108489,1,8
59.19473631578947,0.04488073817207791,0.030884467735982395,2,5
59.19473631578947,0.04488073817207791,0.0011645675271568811,3,14
59.19473631578947,0.04488073817207791,0.0019406098180901154,4,8
59.19473631578947,0.04488073817207791,0.014368972869610131,5,2
59.19473631578947,0.04488073817207791,0.01811426203555604,6,7
59.19473631578947,0.04488073817207791,0.003958161115491778,7,8
59.19473631578947,0.04488073817207791,0.00868140313272608,8,5
59.19473631578947,0.04488073817207791,0.02602467591905091,9,13
59.19473631578947,0.04488073817207791,0.005289112663766848,10,14
59.19473631578947,0.06619268399772696,0.002359550936902844,1,6
59.19473631578947,0.06619268399772696,0.02303838202044557,2,2
59.19473631578947,0.06619268399772696,0.004362442590297965,3,3
59.19473631578947,0.06619268399772696,0.004928163189669285,4,10
59.19473631578947,0.06619268399772696,0.0022871123458746614,5,8
59.19473631578947,0.06619268399772696,0.010337314556193902,6,12
59.19473631578947,0.06619268399772696,0.008043727883558466,7,7
59.19473631578947,0.06619268399772696,0.03239667788912408,8,14
59.19473631578947,0.06619268399772696,0.032150038096034415,9,4
59.19473631578947,0.06619268399772696,0.014272146580975958,10,5
59.19473631578947,0.09762476272167929,0.004296460211877096,1,15
59.19473631578947,0.09762476272167929,0.07529623308235894,2,3
59.19473631578947,0.09762476272167929,0.002392156515950879,3,13
59.19473631578947,0.09762476272167929,0.004810377977477453,4,6
59.19473631578947,0.09762476272167929,0.01189578005658192,5,12
59.19473631578947,0.09762476272167929,0.027900775396995,6,8
59.19473631578947,0.09762476272167929,0.007651504120804097,7,14
59.19473631578947,0.09762476272167929,0.04382255018975091,8,2
59.19473631578947,0.09762476272167929,0.0198849417204497,9,10
59.19473631578947,0.09762476272167929,0.003877216267533444,10,11
59.19473631578947,0.14398259325443524,0.010918612700492004,1,7
59.19473631578947,0.14398259325443524,0.0809984689914905,2,5
59.19473631578947,0.14398259325443524,0.009125572871548748,3,3
59.19473631578947,0.14398259325443524,0.006818500110832266,4,4
59.19473631578947,0.14398259325443524,0.028132376914342068,5,9
59.19473631578947,0.14398259325443524,0.015294986473966935,6,6
59.19473631578947,0.14398259325443524,0.06188693057590348,7,8
59.19473631578947,0.14398259325443524,0.04468284579095692,8,15
59.19473631578947,0.14398259325443524,0.010727539652371469,9,17
59.19473631578947,0.14398259325443524,0.013807052498457673,10,16
59.19473631578947,0.21235377769239233,0.013213373529501185,1,12
59.19473631578947,0.21235377769239233,0.03314987803162863,2,13
59.19473631578947,0.21235377769239233,0.008864738414303134,3,5
59.19473631578947,0.21235377769239233,0.12441932904287727,4,3
59.19473631578947,0.21235377769239233,0.005916209451739578,5,14
59.19473631578947,0.21235377769239233,0.01664312618854314,6,6
59.19473631578947,0.21235377769239233,0.035312252769347234,7,10
59.19473631578947,0.21235377769239233,0.004979058792391725,8,8
59.19473631578947,0.21235377769239233,0.006399740706440865,9,2
59.19473631578947,0.21235377769239233,0.02583173704035898,10,11
59.19473631578947,0.3131915176756464,0.004031149815618352,1,7
59.19473631578947,0.3131915176756464,0.00471701238748399,2,4
59.19473631578947,0.3131915176756464,0.030869866963449823,3,9
59.19473631578947,0.3131915176756464,0.07169635053302757,4,12
59.19473631578947,0.3131915176756464,0.027599356837720107,5,15
59.19473631578947,0.3131915176756464,0.011976566435723725,6,5
59.19473631578947,0.3131915176756464,0.020629470841253075,7,16
59.19473631578947,0.3131915176756464,0.01801966035744033,8,17
59.19473631578947,0.3131915176756464,0.006142692018068749,9,13
59.19473631578947,0.3131915176756464,0.041719387681236286,10,6
59.19473631578947,0.46191279387579304,0.029529102219576588,1,8
59.19473631578947,0.46191279387579304,0.014685175819878427,2,3
59.19473631578947,0.46191279387579304,0.011626510157626948,3,14
59.19473631578947,0.46191279387579304,0.015606258387510449,4,10
59.19473631578947,0.46191279387579304,0.004324187869839581,5,12
59.19473631578947,0.46191279387579304,0.02493801451884361,6,2
59.19473631578947,0.46191279387579304,0.01953601418393738,7,11
59.19473631578947,0.46191279387579304,0.011348069622676767,8,5
59.19473631578947,0.46191279387579304,0.055287420289527545,9,7
59.19473631578947,0.46191279387579304,0.003528605799992934,10,9
59.19473631578947,0.6812554526687684,0.02286697196762201,1,4
59.19473631578947,0.6812554526687684,0.07413526852813539,2,8
59.19473631578947,0.6812554526687684,0.07923528908543002,3,6
59.19473631578947,0.6812554526687684,0.08016138073226958,4,15
59.19473631578947,0.6812554526687684,0.05615474359725279,5,17
59.19473631578947,0.6812554526687684,0.016875863044585236,6,16
59.19473631578947,0.6812554526687684,0.0017816517370608717,7,13
59.19473631578947,0.6812554526687684,0.007122082417721944,8,14
59.19473631578947,0.6812554526687684,0.03175979836883534,9,12
59.19473631578947,0.6812554526687684,0.01751490204791658,10,5
59.19473631578947,1.0047545726038207,0.011600949868552916,1,3
59.19473631578947,1.0047545726038207,0.049251256094787095,2,10
59.19473631578947,1.0047545726038207,0.11992984137912151,3,8
59.19473631578947,1.0047545726038207,0.02709466828243401,4,15
59.19473631578947,1.0047545726038207,0.019181088059920262,5,2
59.19473631578947,1.0047545726038207,0.02729933674356247,6,11
59.19473631578947,1.0047545726038207,0.041053135868086926,7,7
59.19473631578947,1.0047545726038207,0.04737624544800653,8,6
59.19473631578947,1.0047545726038207,0.01876556174488033,9,9
59.19473631578947,1.0047545726038207,0.03364020273518702,10,4
59.19473631578947,1.4818696088428454,0.04423070984757304,1,5
59.19473631578947,1.4818696088428454,0.030219681085032455,2,3
59.19473631578947,1.4818696088428454,0.028734523049479047,3,14
59.19473631578947,1.4818696088428454,0.042149456119661026,4,17
59.19473631578947,1.4818696088428454,0.01717667224008392,5,16
59.19473631578947,1.4818696088428454,0.2506459458778581,6,13
59.19473631578947,1.4818696088428454,0.1745485500318608,7,15
59.19473631578947,1.4818696088428454,0.010320642781251867,8,12
59.19473631578947,1.4818696088428454,0.047468803406884745,9,6
59.19473631578947,1.4818696088428454,0.1708978369349983,10,10
59.19473631578947,2.185546199527391,0.01844443425847862,1,8
59.19473631578947,2.185546199527391,0.03907264978051645,2,11
59.19473631578947,2.185546199527391,0.08204455820861555,3,2
59.19473631578947,2.185546199527391,0.054809875356680096,4,7
59.19473631578947,2.185546199527391,0.009910511107385028,5,5
59.19473631578947,2.185546199527391,0.019830283656507457,6,9
59.19473631578947,2.185546199527391,0.05811867385314848,7,4
59.19473631578947,2.185546199527391,0.09428492082427725,8,3
59.19473631578947,2.185546199527391,0.08535149327779705,9,12
59.19473631578947,2.185546199527391,0.07118242972924038,10,15
59.19473631578947,3.2233687510459736,0.0309687188321592,1,14
59.19473631578947,3.2233687510459736,56.27673669488612,2,17
59.19473631578947,3.2233687510459736,0.11881148452303551,3,16
59.19473631578947,3.2233687510459736,45.96593041270131,4,13
59.19473631578947,3.2233687510459736,70.23618739504698,5,6
59.19473631578947,3.2233687510459736,38.203437853264965,6,5
59.19473631578947,3.2233687510459736,60.63467575033117,7,10
59.19473631578947,3.2233687510459736,0.049348382317553986,8,8
59.19473631578947,3.2233687510459736,0.15868262241950334,9,7
59.19473631578947,3.2233687510459736,0.07835883253374779,10,11
59.19473631578947,4.754008909748038,79.36284192081348,1,15
59.19473631578947,4.754008909748038,56.608126417133306,2,9
59.19473631578947,4.754008909748038,0.0633438238424018,3,2
59.19473631578947,4.754008909748038,49.42486480722248,4,4
59.19473631578947,4.754008909748038,0.07819835847778313,5,3
59.19473631578947,4.754008909748038,14.453249490764499,6,12
59.19473631578947,4.754008909748038,54.28578307373214,7,14
59.19473631578947,4.754008909748038,65.83968362642356,8,8
59.19473631578947,4.754008909748038,0.08256216507900178,9,16
59.19473631578947,4.754008909748038,50.485083157368805,10,7
59.19473631578947,7.011484710407719,54.754790471222535,1,11
59.19473631578947,7.011484710407719,62.112245286549005,2,5
59.19473631578947,7.011484710407719,74.66137292866533,3,2
59.19473631578947,7.011484710407719,94.00332382417554,4,3
59.19473631578947,7.011484710407719,63.25416957831083,5,6
59.19473631578947,7.011484710407719,45.766225028948476,6,16
59.19473631578947,7.011484710407719,97.9149141079033,7,12
59.19473631578947,7.011484710407719,49.051845442068455,8,13
59.19473631578947,7.011484710407719,64.98099397384877,9,17
59.19473631578947,7.011484710407719,67.10309638702518,10,14
59.19473631578947,10.34093935824895,58.720545910434865,1,8
59.19473631578947,10.34093935824895,59.874807486689214,2,15
59.19473631578947,10.34093935824895,81.64689517398375,3,10
59.19473631578947,10.34093935824895,66.90912657042406,4,4
59.19473631578947,10.34093935824895,66.90239473562015,5,9
59.19473631578947,10.34093935824895,91.44926019290368,6,11
59.19473631578947,10.34093935824895,57.939831638132155,7,16
59.19473631578947,10.34093935824895,95.74132590408051,8,3
59.19473631578947,10.34093935824895,60.50160029625194,9,7
59.19473631578947,10.34093935824895,53.68229099395311,10,5
59.19473631578947,15.251409826545087,57.308342775544126,1,14
59.19473631578947,15.251409826545087,70.86925112818896,2,13
59.19473631578947,15.251409826545087,68.51321059512593,3,6
59.19473631578947,15.251409826545087,69.1604957692089,4,15
59.19473631578947,15.251409826545087,70.02437861955235,5,8
59.19473631578947,15.251409826545087,77.03766624833429,6,17
59.19473631578947,15.251409826545087,90.14108388579447,7,12
59.19473631578947,15.251409826545087,95.01136588311729,8,2
59.19473631578947,15.251409826545087,84.87654065848716,9,5
59.19473631578947,15.251409826545087,65.98467962334598,10,16
59.19473631578947,22.493653007614338,77.88052980284738,1,14
59.19473631578947,22.493653007614338,69.0013374882625,2,9
59.19473631578947,22.493653007614338,84.9654313209115,3,13
59.19473631578947,22.493653007614338,79.20634023957348,4,10
59.19473631578947,22.493653007614338,52.71379987796528,5,15
59.19473631578947,22.493653007614338,92.84509268646937,6,8
59.19473631578947,22.493653007614338,101.62211567618307,7,4
59.19473631578947,22.493653007614338,82.69445587945299,8,7
59.19473631578947,22.493653007614338,100.31656076779971,9,3
59.19473631578947,22.493653007614338,97.8193882815854,10,6
63.926315263157896,0.04488073817207791,0.0018762442291914505,1,11
63.926315263157896,0.04488073817207791,0.005951941980085255,2,17
63.926315263157896,0.04488073817207791,0.017959975295419067,3,5
63.926315263157896,0.04488073817207791,0.04941306287185015,4,13
63.926315263157896,0.04488073817207791,0.002707726892257985,5,12
63.926315263157896,0.04488073817207791,0.01233470274768977,6,15
63.926315263157896,0.04488073817207791,0.004667338582359738,7,17
63.926315263157896,0.04488073817207791,0.033139820480494256,8,11
63.926315263157896,0.04488073817207791,0.021104055141395326,9,16
63.926315263157896,0.04488073817207791,0.059631982525435334,10,8
63.926315263157896,0.06619268399772696,0.02378820753056508,1,13
63.926315263157896,0.06619268399772696,0.04354767776501174,2,15
63.926315263157896,0.06619268399772696,0.00918742051941111,3,5
63.926315263157896,0.06619268399772696,0.00956953844458147,4,12
63.926315263157896,0.06619268399772696,0.0011802881284935795,5,17
63.926315263157896,0.06619268399772696,0.008762354389534847,6,14
63.926315263157896,0.06619268399772696,0.008924003619733509,7,8
63.926315263157896,0.06619268399772696,0.008121861971565303,8,11
63.926315263157896,0.06619268399772696,0.0015190101923436825,9,15
63.926315263157896,0.06619268399772696,0.0387460943269151,10,16
63.926315263157896,0.09762476272167929,0.011381985988339735,1,3
63.926315263157896,0.09762476272167929,0.03686826845315396,2,13
63.926315263157896,0.09762476272167929,0.008906688610809229,3,12
63.926315263157896,0.09762476272167929,0.011806034339574046,4,2
63.926315263157896,0.09762476272167929,0.008809265188498385,5,5
63.926315263157896,0.09762476272167929,0.004140481188335319,6,15
63.926315263157896,0.09762476272167929,0.013095759944913276,7,16
63.926315263157896,0.09762476272167929,0.004039282434138317,8,3
63.926315263157896,0.09762476272167929,0.006364910841603629,9,17
63.926315263157896,0.09762476272167929,0.012835537514993247,10,14
63.926315263157896,0.14398259325443524,0.05437644926093714,1,8
63.926315263157896,0.14398259325443524,0.07380844197584682,2,11
63.926315263157896,0.14398259325443524,0.02393060366183725,3,13
63.926315263157896,0.14398259325443524,0.024594878543935654,4,10
63.926315263157896,0.14398259325443524,0.00859899061490561,5,9
63.926315263157896,0.14398259325443524,0.0031148929870803443,6,15
63.926315263157896,0.14398259325443524,0.0015769577709683815,7,12
63.926315263157896,0.14398259325443524,0.02546428712883942,8,16
63.926315263157896,0.14398259325443524,0.022731077522520734,9,6
63.926315263157896,0.14398259325443524,0.011373374400205685,10,5
63.926315263157896,0.21235377769239233,0.029873973620147234,1,3
63.926315263157896,0.21235377769239233,0.013136494653128598,2,2
63.926315263157896,0.21235377769239233,0.013321775039132497,3,11
63.926315263157896,0.21235377769239233,0.017281690534690603,4,17
63.926315263157896,0.21235377769239233,0.008544058748548397,5,14
63.926315263157896,0.21235377769239233,0.04032980909302888,6,8
63.926315263157896,0.21235377769239233,0.01179510056606202,7,15
63.926315263157896,0.21235377769239233,0.023251965042893015,8,6
63.926315263157896,0.21235377769239233,0.04293600623729417,9,16
63.926315263157896,0.21235377769239233,0.1040097649435317,10,10
63.926315263157896,0.3131915176756464,0.002563153526068323,1,13
63.926315263157896,0.3131915176756464,0.009285453885250455,2,9
63.926315263157896,0.3131915176756464,0.03467271145164572,3,4
63.926315263157896,0.3131915176756464,0.032040285692930555,4,11
63.926315263157896,0.3131915176756464,0.036810373723165514,5,12
63.926315263157896,0.3131915176756464,0.053502629570274955,6,5
63.926315263157896,0.3131915176756464,0.013382717855954466,7,15
63.926315263157896,0.3131915176756464,0.007210094976833647,8,3
63.926315263157896,0.3131915176756464,0.015047567136340501,9,7
63.926315263157896,0.3131915176756464,0.02334307195375106,10,2
63.926315263157896,0.46191279387579304,0.008382383620785475,1,17
63.926315263157896,0.46191279387579304,0.026868777191025102,2,6
63.926315263157896,0.46191279387579304,0.009812663575400303,3,16
63.926315263157896,0.46191279387579304,0.04227779610139724,4,14
63.926315263157896,0.46191279387579304,0.013611158678841322,5,8
63.926315263157896,0.46191279387579304,0.014014869557326393,6,11
63.926315263157896,0.46191279387579304,0.011038006721739808,7,13
63.926315263157896,0.46191279387579304,0.004487046310106637,8,10
63.926315263157896,0.46191279387579304,0.03696592456746636,9,9
63.926315263157896,0.46191279387579304,0.050401150143925606,10,4
63.926315263157896,0.6812554526687684,0.007742208269457868,1,16
63.926315263157896,0.6812554526687684,0.04617507410066994,2,12
63.926315263157896,0.6812554526687684,0.08759400596135218,3,15
63.926315263157896,0.6812554526687684,0.015010471182536192,4,5
63.926315263157896,0.6812554526687684,0.020819921794607486,5,8
63.926315263157896,0.6812554526687684,0.006533676563468612,6,11
63.926315263157896,0.6812554526687684,0.00336874766859807,7,7
63.926315263157896,0.6812554526687684,0.016181671401245254,8,6
63.926315263157896,0.6812554526687684,0.05820073067859525,9,3
63.926315263157896,0.6812554526687684,0.00561725707474114,10,13
63.926315263157896,1.0047545726038207,0.0358380167111082,1,17
63.926315263157896,1.0047545726038207,0.027563536821609877,2,2
63.926315263157896,1.0047545726038207,0.031017036531350933,3,14
63.926315263157896,1.0047545726038207,0.015866825571969313,4,16
63.926315263157896,1.0047545726038207,0.03979289239982421,5,10
63.926315263157896,1.0047545726038207,0.05429025933238977,6,9
63.926315263157896,1.0047545726038207,0.03312742829169026,7,4
63.926315263157896,1.0047545726038207,0.014848518982476164,8,15
63.926315263157896,1.0047545726038207,0.06195271612729912,9,11
63.926315263157896,1.0047545726038207,0.03601448422049556,10,8
63.926315263157896,1.4818696088428454,0.053676133674167126,1,12
63.926315263157896,1.4818696088428454,0.019316614644326227,2,13
63.926315263157896,1.4818696088428454,0.012948809844783945,3,5
63.926315263157896,1.4818696088428454,0.02536368843864274,4,7
63.926315263157896,1.4818696088428454,0.04737149114979798,5,6
63.926315263157896,1.4818696088428454,0.025368591560220564,6,3
63.926315263157896,1.4818696088428454,0.02877425576911005,7,17
63.926315263157896,1.4818696088428454,0.01005054328532035,8,2
63.926315263157896,1.4818696088428454,0.02714784764219052,9,14
63.926315263157896,1.4818696088428454,0.047443222008680355,10,16
63.926315263157896,2.185546199527391,0.04077327782531053,1,15
63.926315263157896,2.185546199527391,0.062121419842914395,2,11
63.926315263157896,2.185546199527391,0.030830241388325606,3,10
63.926315263157896,2.185546199527391,0.1229833254306296,4,9
63.926315263157896,2.185546199527391,39.23348863121929,5,8
63.926315263157896,2.185546199527391,0.06347452239747796,6,4
63.926315263157896,2.185546199527391,0.036166086390622895,7,17
63.926315263157896,2.185546199527391,0.14290530731393217,8,13
63.926315263157896,2.185546199527391,65.30750336979219,9,16
63.926315263157896,2.185546199527391,0.026015636512947218,10,12
63.926315263157896,3.2233687510459736,0.040835626935004754,1,3
63.926315263157896,3.2233687510459736,0.02587656530366036,2,5
63.926315263157896,3.2233687510459736,0.05833517911144985,3,11
63.926315263157896,3.2233687510459736,25.704430517790875,4,2
63.926315263157896,3.2233687510459736,0.010183980216817557,5,7
63.926315263157896,3.2233687510459736,0.05364665948612424,6,6
63.926315263157896,3.2233687510459736,0.06564830740622471,7,14
63.926315263157896,3.2233687510459736,62.869579069542475,8,15
63.926315263157896,3.2233687510459736,41.03480793947583,9,17
63.926315263157896,3.2233687510459736,0.0542077796271992,10,10
63.926315263157896,4.754008909748038,1.478131852022179,1,9
63.926315263157896,4.754008909748038,48.26057459169548,2,11
63.926315263157896,4.754008909748038,56.95488656263441,3,4
63.926315263157896,4.754008909748038,48.26161124383706,4,13
63.926315263157896,4.754008909748038,63.94999156549399,5,12
63.926315263157896,4.754008909748038,76.56824275714266,6,5
63.926315263157896,4.754008909748038,56.69438610477696,7,14
63.926315263157896,4.754008909748038,68.45830595698071,8,3
63.926315263157896,4.754008909748038,0.020884695184037728,9,7
63.926315263157896,4.754008909748038,64.10519056360424,10,6
63.926315263157896,7.011484710407719,68.41911488977358,1,2
63.926315263157896,7.011484710407719,71.59544919728438,2,8
63.926315263157896,7.011484710407719,40.27339112804282,3,10
63.926315263157896,7.011484710407719,51.503035039631456,4,9
63.926315263157896,7.011484710407719,75.70801612494361,5,16
63.926315263157896,7.011484710407719,74.97645056562841,6,7
63.926315263157896,7.011484710407719,71.38271245367612,7,11
63.926315263157896,7.011484710407719,73.25817583608963,8,17
63.926315263157896,7.011484710407719,65.07328304314255,9,14
63.926315263157896,7.011484710407719,53.91593379099168,10,13
63.926315263157896,10.34093935824895,64.89916071851533,1,2
63.926315263157896,10.34093935824895,63.94715335357478,2,15
63.926315263157896,10.34093935824895,78.54070572327309,3,6
63.926315263157896,10.34093935824895,62.603770957690244,4,3
63.926315263157896,10.34093935824895,64.13479165462904,5,4
63.926315263157896,10.34093935824895,81.946985887002,6,9
63.926315263157896,10.34093935824895,67.0747749359693,7,17
63.926315263157896,10.34093935824895,77.45767693042158,8,10
63.926315263157896,10.34093935824895,70.03609980573938,9,11
63.926315263157896,10.34093935824895,88.2500078734398,10,12
63.926315263157896,15.251409826545087,84.07441912868136,1,16
63.926315263157896,15.251409826545087,82.9408605886529,2,8
63.926315263157896,15.251409826545087,75.8308243600587,3,5
63.926315263157896,15.251409826545087,78.60972138476987,4,3
63.926315263157896,15.251409826545087,78.70975698876603,5,14
63.926315263157896,15.251409826545087,81.99930494941403,6,7
63.926315263157896,15.251409826545087,83.92127140887716,7,13
63.926315263157896,15.251409826545087,82.34638594369709,8,2
63.926315263157896,15.251409826545087,81.54785194177336,9,6
63.926315263157896,15.251409826545087,65.72647867625852,10,15
63.926315263157896,22.493653007614338,88.28744238790333,1,9
63.926315263157896,22.493653007614338,79.10532971187331,2,16
63.926315263157896,22.493653007614338,84.3781378978968,3,4
63.926315263157896,22.493653007614338,90.48392196473539,4,3
63.926315263157896,22.493653007614338,82.89180714120604,5,8
63.926315263157896,22.493653007614338,78.31332925999031,6,2
63.926315263157896,22.493653007614338,75.70955373255295,7,17
63.926315263157896,22.493653007614338,98.05330285472263,8,10
63.926315263157896,22.493653007614338,84.00853188309216,9,11
63.926315263157896,22.493653007614338,104.61156614946788,10,15
68.65789421052631,0.04488073817207791,0.001845287844026407,1,13
68.65789421052631,0.04488073817207791,0.011249270096578601,2,14
68.65789421052631,0.04488073817207791,0.0020837456252083236,3,12
68.65789421052631,0.04488073817207791,0.004555730976185838,4,7
68.65789421052631,0.04488073817207791,0.004122153727352109,5,5
68.65789421052631,0.04488073817207791,0.011401716744882254,6,16
68.65789421052631,0.04488073817207791,0.0011308459053515762,7,13
68.65789421052631,0.04488073817207791,0.004350757850298248,8,14
68.65789421052631,0.04488073817207791,0.014131038693639667,9,9
68.65789421052631,0.04488073817207791,0.005237915003146414,10,6
68.65789421052631,0.06619268399772696,0.0029545259465102473,1,3
68.65789421052631,0.06619268399772696,0.027686245979097624,2,16
68.65789421052631,0.06619268399772696,0.00174841241353453,3,5
68.65789421052631,0.06619268399772696,0.05686484149092352,4,13
68.65789421052631,0.06619268399772696,0.004343713318901973,5,7
68.65789421052631,0.06619268399772696,0.009479643041747601,6,12
68.65789421052631,0.06619268399772696,0.0003493303680566318,7,9
68.65789421052631,0.06619268399772696,0.008037181179309683,8,16
68.65789421052631,0.06619268399772696,0.006328872719502528,9,14
68.65789421052631,0.06619268399772696,0.000604524031402101,10,3
68.65789421052631,0.09762476272167929,0.0066105254069967504,1,6
68.65789421052631,0.09762476272167929,0.0015256552645864323,2,4
68.65789421052631,0.09762476272167929,0.08448245957538209,3,5
68.65789421052631,0.09762476272167929,0.01653134888065177,4,13
68.65789421052631,0.09762476272167929,0.03551174644617374,5,17
68.65789421052631,0.09762476272167929,0.03067427647291784,6,9
68.65789421052631,0.09762476272167929,0.0018948430032127738,7,7
68.65789421052631,0.09762476272167929,0.015032080915803677,8,16
68.65789421052631,0.09762476272167929,0.0022190639839820923,9,12
68.65789421052631,0.09762476272167929,0.003674511186526327,10,2
68.65789421052631,0.14398259325443524,0.007028369319156216,1,3
68.65789421052631,0.14398259325443524,0.0044276979176766425,2,10
68.65789421052631,0.14398259325443524,0.004966596013267606,3,9
68.65789421052631,0.14398259325443524,0.032299204807812246,4,14
68.65789421052631,0.14398259325443524,0.006815729968935411,5,4
68.65789421052631,0.14398259325443524,0.018628182514193826,6,6
68.65789421052631,0.14398259325443524,0.012266325778124282,7,5
68.65789421052631,0.14398259325443524,0.0035268963041492,8,8
68.65789421052631,0.14398259325443524,0.03197684289396217,9,16
68.65789421052631,0.14398259325443524,0.0015564072789695331,10,13
68.65789421052631,0.21235377769239233,0.012732527609714654,1,17
68.65789421052631,0.21235377769239233,0.004813136347416627,2,7
68.65789421052631,0.21235377769239233,0.01521813370512759,3,12
68.65789421052631,0.21235377769239233,0.004548366863017661,4,9
68.65789421052631,0.21235377769239233,0.012938530779884745,5,10
68.65789421052631,0.21235377769239233,0.008101045718215885,6,3
68.65789421052631,0.21235377769239233,0.05553222195229906,7,2
68.65789421052631,0.21235377769239233,0.002298385794040458,8,15
68.65789421052631,0.21235377769239233,0.00835208623007524,9,16
68.65789421052631,0.21235377769239233,0.009041452975033585,10,5
68.65789421052631,0.3131915176756464,0.006655188567641702,1,4
68.65789421052631,0.3131915176756464,0.010061467625467375,2,14
68.65789421052631,0.3131915176756464,0.021133537628517628,3,6
68.65789421052631,0.3131915176756464,0.009541056046769997,4,8
68.65789421052631,0.3131915176756464,0.0028588482507098455,5,13
68.65789421052631,0.3131915176756464,0.003760401075395006,6,9
68.65789421052631,0.3131915176756464,0.019735561542074283,7,17
68.65789421052631,0.3131915176756464,0.0130056015479637,8,15
68.65789421052631,0.3131915176756464,0.01870998113283849,9,7
68.65789421052631,0.3131915176756464,0.022762025014286168,10,10
68.65789421052631,0.46191279387579304,0.02495488295445502,1,11
68.65789421052631,0.46191279387579304,0.0033183277487469948,2,12
68.65789421052631,0.46191279387579304,0.04639268022936994,3,5
68.65789421052631,0.46191279387579304,0.05820477582116053,4,4
68.65789421052631,0.46191279387579304,0.10190842727242712,5,3
68.65789421052631,0.46191279387579304,0.05912208210255429,6,16
68.65789421052631,0.46191279387579304,0.020855200138611082,7,6
68.65789421052631,0.46191279387579304,0.04931049939177194,8,2
68.65789421052631,0.46191279387579304,0.03268896214159431,9,14
68.65789421052631,0.46191279387579304,0.007904366860760223,10,8
68.65789421052631,0.6812554526687684,0.023156631938286713,1,15
68.65789421052631,0.6812554526687684,0.015615339599039385,2,13
68.65789421052631,0.6812554526687684,0.04342475601695462,3,9
68.65789421052631,0.6812554526687684,0.025468402443767288,4,17
68.65789421052631,0.6812554526687684,0.013777484959614127,5,5
68.65789421052631,0.6812554526687684,0.012783718593364005,6,16
68.65789421052631,0.6812554526687684,0.010022496280404894,7,7
68.65789421052631,0.6812554526687684,0.003699710222298721,8,10
68.65789421052631,0.6812554526687684,0.01030013581037499,9,3
68.65789421052631,0.6812554526687684,0.03492151997516499,10,11
68.65789421052631,1.0047545726038207,0.01514746018757716,1,12
68.65789421052631,1.0047545726038207,0.04097449617112225,2,4
68.65789421052631,1.0047545726038207,0.04362921582581209,3,6
68.65789421052631,1.0047545726038207,0.006456346098086183,4,8
68.65789421052631,1.0047545726038207,0.015348518366394271,5,15
68.65789421052631,1.0047545726038207,0.01198134619850428,6,2
68.65789421052631,1.0047545726038207,0.05329953385596213,7,5
68.65789421052631,1.0047545726038207,0.013191618058583756,8,14
68.65789421052631,1.0047545726038207,0.03228869619438735,9,16
68.65789421052631,1.0047545726038207,0.062274253470524836,10,9
68.65789421052631,1.4818696088428454,0.018514440203448043,1,13
68.65789421052631,1.4818696088428454,0.005462474679460994,2,17
68.65789421052631,1.4818696088428454,0.028138181656982595,3,10
68.65789421052631,1.4818696088428454,0.003391455533121765,4,7
68.65789421052631,1.4818696088428454,0.10702487560140593,5,15
68.65789421052631,1.4818696088428454,0.05775485334791125,6,8
68.65789421052631,1.4818696088428454,0.011345641843774833,7,3
68.65789421052631,1.4818696088428454,0.004824462351485588,8,11
68.65789421052631,1.4818696088428454,0.012445294278927592,9,12
68.65789421052631,1.4818696088428454,0.12379392431233893,10,6
68.65789421052631,2.185546199527391,0.00794532523714147,1,4
68.65789421052631,2.185546199527391,0.023808107971495608,2,5
68.65789421052631,2.185546199527391,0.012799478377652903,3,9
68.65789421052631,2.185546199527391,0.0023425858209886823,4,2
68.65789421052631,2.185546199527391,0.042059533797734375,5,14
68.65789421052631,2.185546199527391,0.14862107278330847,6,16
68.65789421052631,2.185546199527391,0.024942828340878027,7,8
68.65789421052631,2.185546199527391,0.02153737310614173,8,15
68.65789421052631,2.185546199527391,0.0617711798232513,9,13
68.65789421052631,2.185546199527391,0.03555058865772037,10,5
68.65789421052631,3.2233687510459736,0.0018674314194719024,1,17
68.65789421052631,3.2233687510459736,43.391698404099905,2,10
68.65789421052631,3.2233687510459736,0.025822115583288157,3,3
68.65789421052631,3.2233687510459736,0.03510002296404653,4,7
68.65789421052631,3.2233687510459736,0.04938117960222185,5,9
68.65789421052631,3.2233687510459736,57.97216650332018,6,11
68.65789421052631,3.2233687510459736,0.004255807511994965,7,12
68.65789421052631,3.2233687510459736,87.87199770150833,8,6
68.65789421052631,3.2233687510459736,0.02909420711215735,9,4
68.65789421052631,3.2233687510459736,90.6331433457202,10,8
68.65789421052631,4.754008909748038,70.83359956767397,1,2
68.65789421052631,4.754008909748038,68.54259157345572,2,3
68.65789421052631,4.754008909748038,81.7050590940453,3,15
68.65789421052631,4.754008909748038,50.62338304542093,4,14
68.65789421052631,4.754008909748038,0.02518912394222694,5,9
68.65789421052631,4.754008909748038,99.13636207689575,6,16
68.65789421052631,4.754008909748038,40.938198715873575,7,13
68.65789421052631,4.754008909748038,54.830133718043754,8,5
68.65789421052631,4.754008909748038,70.31375137998847,9,7
68.65789421052631,4.754008909748038,63.505000256513625,10,17
68.65789421052631,7.011484710407719,0.03494223064619695,1,12
68.65789421052631,7.011484710407719,70.3417831247026,2,4
68.65789421052631,7.011484710407719,71.68523263694577,3,9
68.65789421052631,7.011484710407719,68.78496486436738,4,11
68.65789421052631,7.011484710407719,72.92350456267407,5,10
68.65789421052631,7.011484710407719,64.83289929194603,6,12
68.65789421052631,7.011484710407719,78.11381679541715,7,13
68.65789421052631,7.011484710407719,108.90534519703598,8,3
68.65789421052631,7.011484710407719,73.84500448645841,9,5
68.65789421052631,7.011484710407719,57.23355050341974,10,14
68.65789421052631,10.34093935824895,63.050887631036574,1,7
68.65789421052631,10.34093935824895,79.6143151170961,2,9
68.65789421052631,10.34093935824895,107.46355155792453,3,6
68.65789421052631,10.34093935824895,93.37980080856755,4,15
68.65789421052631,10.34093935824895,68.69200274415326,5,2
68.65789421052631,10.34093935824895,70.82705809960436,6,17
68.65789421052631,10.34093935824895,89.39583279287967,7,16
68.65789421052631,10.34093935824895,90.14232003929258,8,8
68.65789421052631,10.34093935824895,77.43338855574775,9,11
68.65789421052631,10.34093935824895,87.49923880784924,10,4
68.65789421052631,15.251409826545087,82.99660696769239,1,12
68.65789421052631,15.251409826545087,84.1269085879068,2,13
68.65789421052631,15.251409826545087,99.1981352934942,3,10
68.65789421052631,15.251409826545087,76.33393163671059,4,3
68.65789421052631,15.251409826545087,74.30953629767491,5,17
68.65789421052631,15.251409826545087,96.84927699964334,6,9
68.65789421052631,15.251409826545087,106.95631343836587,7,14
68.65789421052631,15.251409826545087,106.77938743458742,8,5
68.65789421052631,15.251409826545087,77.93099202663913,9,11
68.65789421052631,15.251409826545087,106.5589425228761,10,7
68.65789421052631,22.493653007614338,94.44146136935579,1,4
68.65789421052631,22.493653007614338,59.99153965175769,2,2
68.65789421052631,22.493653007614338,118.66840164393189,3,8
68.65789421052631,22.493653007614338,93.84123224100145,4,16
68.65789421052631,22.493653007614338,103.33719515293545,5,3
68.65789421052631,22.493653007614338,61.44086307943898,6,15
68.65789421052631,22.493653007614338,131.76193598809175,7,17
68.65789421052631,22.493653007614338,90.4078937430203,8,6
68.65789421052631,22.493653007614338,102.30857916251414,9,12
68.65789421052631,22.493653007614338,81.5244610800126,10,13
73.38947315789474,0.04488073817207791,0.02826797075937808,1,5
73.38947315789474,0.04488073817207791,0.02818377558682091,2,11
73.38947315789474,0.04488073817207791,0.006387299741928614,3,9
73.38947315789474,0.04488073817207791,0.014617169614047295,4,2
73.38947315789474,0.04488073817207791,0.013280776024291566,5,11
73.38947315789474,0.04488073817207791,0.019151811890643633,6,7
73.38947315789474,0.04488073817207791,0.0019632413177880343,7,5
73.38947315789474,0.04488073817207791,0.009475315491656517,8,10
73.38947315789474,0.04488073817207791,0.02266062696767081,9,9
73.38947315789474,0.04488073817207791,0.008859220452936772,10,2
73.38947315789474,0.06619268399772696,0.035313548994970786,1,11
73.38947315789474,0.06619268399772696,0.007714389393601018,2,7
73.38947315789474,0.06619268399772696,0.00107285973948169,3,10
73.38947315789474,0.06619268399772696,0.005090036751162657,4,9
73.38947315789474,0.06619268399772696,0.009353727576413918,5,5
73.38947315789474,0.06619268399772696,0.003372959335757528,6,11
73.38947315789474,0.06619268399772696,0.012093924057172903,7,8
73.38947315789474,0.06619268399772696,0.019338317864301083,8,10
73.38947315789474,0.06619268399772696,0.010148496022399775,9,2
73.38947315789474,0.06619268399772696,0.028445784374680875,10,7
73.38947315789474,0.09762476272167929,0.011743761558127792,1,9
73.38947315789474,0.09762476272167929,0.010129685445953208,2,14
73.38947315789474,0.09762476272167929,0.05293365601753282,3,5
73.38947315789474,0.09762476272167929,0.032835274045531965,4,10
73.38947315789474,0.09762476272167929,0.02619713057963326,5,2
73.38947315789474,0.09762476272167929,0.01149278578016895,6,3
73.38947315789474,0.09762476272167929,0.012071198367944902,7,11
73.38947315789474,0.09762476272167929,0.014686656363266267,8,4
73.38947315789474,0.09762476272167929,0.0030970731050680832,9,8
73.38947315789474,0.09762476272167929,0.016804694524982577,10,9
73.38947315789474,0.14398259325443524,0.0018730050580557196,1,7
73.38947315789474,0.14398259325443524,0.0034363320214983077,2,5
73.38947315789474,0.14398259325443524,0.03534496493148957,3,2
73.38947315789474,0.14398259325443524,0.00878870704909379,4,3
73.38947315789474,0.14398259325443524,0.05201429999436141,5,10
73.38947315789474,0.14398259325443524,0.009621022179168706,6,15
73.38947315789474,0.14398259325443524,0.00812400713867975,7,11
73.38947315789474,0.14398259325443524,0.09816308599793042,8,14
73.38947315789474,0.14398259325443524,0.002155235133639086,9,4
73.38947315789474,0.14398259325443524,0.008022538215756093,10,9
73.38947315789474,0.21235377769239233,0.021125614194897887,1,16
73.38947315789474,0.21235377769239233,0.02219532286432208,2,8
73.38947315789474,0.21235377769239233,0.00412143280393561,3,3
73.38947315789474,0.21235377769239233,0.011768894253032892,4,2
73.38947315789474,0.21235377769239233,0.0021060891111251948,5,7
73.38947315789474,0.21235377769239233,0.014458723758610643,6,11
73.38947315789474,0.21235377769239233,0.017813546987975586,7,5
73.38947315789474,0.21235377769239233,0.05511587104294579,8,6
73.38947315789474,0.21235377769239233,0.006041988156365809,9,9
73.38947315789474,0.21235377769239233,0.0052276699281418055,10,10
73.38947315789474,0.3131915176756464,0.023557628818756202,1,15
73.38947315789474,0.3131915176756464,0.019781597340048536,2,3
73.38947315789474,0.3131915176756464,0.010968800206739446,3,4
73.38947315789474,0.3131915176756464,0.01441461363499499,4,14
73.38947315789474,0.3131915176756464,0.04549926701603374,5,2
73.38947315789474,0.3131915176756464,0.0032198660281067986,6,17
73.38947315789474,0.3131915176756464,0.0076164840183125795,7,16
73.38947315789474,0.3131915176756464,0.030588569105904215,8,11
73.38947315789474,0.3131915176756464,0.00885123213436376,9,8
73.38947315789474,0.3131915176756464,0.01853404921167259,10,13
73.38947315789474,0.46191279387579304,0.035164969022862765,1,7
73.38947315789474,0.46191279387579304,0.012177004962831393,2,5
73.38947315789474,0.46191279387579304,0.006198094243916,3,9
73.38947315789474,0.46191279387579304,0.0062067610996121,4,3
73.38947315789474,0.46191279387579304,0.018577207855362873,5,10
73.38947315789474,0.46191279387579304,0.01216997500631808,6,2
73.38947315789474,0.46191279387579304,0.03517601719316529,7,6
73.38947315789474,0.46191279387579304,0.06423875391321737,8,11
73.38947315789474,0.46191279387579304,0.03641088476728123,9,15
73.38947315789474,0.46191279387579304,0.01107741745992734,10,14
73.38947315789474,0.6812554526687684,0.06212852068729115,1,4
73.38947315789474,0.6812554526687684,0.01475001437759583,2,17
73.38947315789474,0.6812554526687684,0.03058669404561317,3,5
73.38947315789474,0.6812554526687684,0.02235258731292934,4,16
73.38947315789474,0.6812554526687684,0.0009899102825889924,5,3
73.38947315789474,0.6812554526687684,0.07442463034800184,6,8
73.38947315789474,0.6812554526687684,0.02544613914210283,7,13
73.38947315789474,0.6812554526687684,0.05023177127817103,8,7
73.38947315789474,0.6812554526687684,0.003923858439184939,9,2
73.38947315789474,0.6812554526687684,0.05362381095565351,10,12
73.38947315789474,1.0047545726038207,0.007367012380292453,1,11
73.38947315789474,1.0047545726038207,0.014916097994468473,2,9
73.38947315789474,1.0047545726038207,0.00551854221416197,3,10
73.38947315789474,1.0047545726038207,0.0449041063545799,4,6
73.38947315789474,1.0047545726038207,0.06832599725031015,5,5
73.38947315789474,1.0047545726038207,0.015378364648661044,6,15
73.38947315789474,1.0047545726038207,0.01386532917863796,7,3
73.38947315789474,1.0047545726038207,0.03632689665607739,8,14
73.38947315789474,1.0047545726038207,0.01122796417887552,9,2
73.38947315789474,1.0047545726038207,0.017929500076890488,10,4
73.38947315789474,1.4818696088428454,0.009850762770654718,1,17
73.38947315789474,1.4818696088428454,0.010817634732428453,2,16
73.38947315789474,1.4818696088428454,0.01227357522157142,3,11
73.38947315789474,1.4818696088428454,0.00887069611747314,4,8
73.38947315789474,1.4818696088428454,0.033659010570310996,5,13
73.38947315789474,1.4818696088428454,0.019590237212186074,6,7
73.38947315789474,1.4818696088428454,0.004651942677715677,7,12
73.38947315789474,1.4818696088428454,0.02737486465583358,8,9
73.38947315789474,1.4818696088428454,0.012304341190572393,9,3
73.38947315789474,1.4818696088428454,0.005458250734871429,10,10
73.38947315789474,2.185546199527391,0.003028847705379112,1,5
73.38947315789474,2.185546199527391,0.017835415411229072,2,4
73.38947315789474,2.185546199527391,0.00831583319348513,3,6
73.38947315789474,2.185546199527391,0.05487559429549513,4,15
73.38947315789474,2.185546199527391,0.025651937464625033,5,11
73.38947315789474,2.185546199527391,0.003020921488396173,6,16
73.38947315789474,2.185546199527391,0.017122959959561347,7,14
73.38947315789474,2.185546199527391,0.08108789736664256,8,2
73.38947315789474,2.185546199527391,0.08540429090562493,9,17
73.38947315789474,2.185546199527391,0.010487772974587764,10,7
73.38947315789474,3.2233687510459736,0.009009385875641146,1,3
73.38947315789474,3.2233687510459736,59.365531351833575,2,8
73.38947315789474,3.2233687510459736,69.42620534653133,3,13
73.38947315789474,3.2233687510459736,81.66138004243695,4,12
73.38947315789474,3.2233687510459736,54.38857611052396,5,11
73.38947315789474,3.2233687510459736,0.014137916243167962,6,9
73.38947315789474,3.2233687510459736,0.017760718666753477,7,4
73.38947315789474,3.2233687510459736,55.9140890619582,8,10
73.38947315789474,3.2233687510459736,0.014146461859369233,9,5
73.38947315789474,3.2233687510459736,0.03073666221703661,10,14
73.38947315789474,4.754008909748038,109.99055396655507,1,7
73.38947315789474,4.754008909748038,59.50370481980957,2,6
73.38947315789474,4.754008909748038,73.2711960996147,3,15
73.38947315789474,4.754008909748038,0.009713167410268415,4,16
73.38947315789474,4.754008909748038,67.69027259274502,5,3
73.38947315789474,4.754008909748038,54.86339694082595,6,2
73.38947315789474,4.754008909748038,0.03427580251603266,7,17
73.38947315789474,4.754008909748038,120.631875754691,8,4
73.38947315789474,4.754008909748038,52.63940015299507,9,9
73.38947315789474,4.754008909748038,83.67388414030631,10,5
73.38947315789474,7.011484710407719,76.059997117416,1,14
73.38947315789474,7.011484710407719,71.15219585693785,2,16
73.38947315789474,7.011484710407719,69.693635641113,3,11
73.38947315789474,7.011484710407719,89.20272295750114,4,17
73.38947315789474,7.011484710407719,93.01232310454697,5,3
73.38947315789474,7.011484710407719,78.336638470109,6,10
73.38947315789474,7.011484710407719,103.61168970142052,7,2
73.38947315789474,7.011484710407719,109.63466174674467,8,7
73.38947315789474,7.011484710407719,93.77905709313694,9,8
73.38947315789474,7.011484710407719,78.83733982927112,10,6
73.38947315789474,10.34093935824895,72.2999485668475,1,13
73.38947315789474,10.34093935824895,62.291367067232066,2,14
73.38947315789474,10.34093935824895,81.11638255901177,3,9
73.38947315789474,10.34093935824895,75.36805668630622,4,12
73.38947315789474,10.34093935824895,71.7539122318786,5,11
73.38947315789474,10.34093935824895,93.76541358829346,6,4
73.38947315789474,10.34093935824895,100.60009972303824,7,15
73.38947315789474,10.34093935824895,85.6749714856133,8,10
73.38947315789474,10.34093935824895,81.56692944967953,9,16
73.38947315789474,10.34093935824895,73.26399707338335,10,5
73.38947315789474,15.251409826545087,99.1169564231982,1,3
73.38947315789474,15.251409826545087,81.77472183392749,2,14
73.38947315789474,15.251409826545087,81.54884888337877,3,13
73.38947315789474,15.251409826545087,108.9689428161416,4,17
73.38947315789474,15.251409826545087,107.05859566284974,5,2
73.38947315789474,15.251409826545087,88.63974702945498,6,11
73.38947315789474,15.251409826545087,81.2278216669211,7,10
73.38947315789474,15.251409826545087,91.20971547804737,8,8
73.38947315789474,15.251409826545087,125.95642955060973,9,6
73.38947315789474,15.251409826545087,89.48782342995088,10,16
73.38947315789474,22.493653007614338,98.30920207133477,1,15
73.38947315789474,22.493653007614338,95.22536183602364,2,9
73.38947315789474,22.493653007614338,86.26620883730877,3,4
73.38947315789474,22.493653007614338,118.02735807163758,4,12
73.38947315789474,22.493653007614338,92.917430373041,5,7
73.38947315789474,22.493653007614338,80.84785710979921,6,5
73.38947315789474,22.493653007614338,96.71297439761051,7,14
73.38947315789474,22.493653007614338,93.605405829809,8,3
73.38947315789474,22.493653007614338,80.83244412885757,9,2
73.38947315789474,22.493653007614338,87.75875727146563,10,8
78.12105210526316,0.04488073817207791,0.012516281343568175,1,11
78.12105210526316,0.04488073817207791,0.0022845827876684303,2,10
78.12105210526316,0.04488073817207791,0.00032362357132887623,3,11
78.12105210526316,0.04488073817207791,0.057384634742691204,4,15
78.12105210526316,0.04488073817207791,0.009545163871814167,5,16
78.12105210526316,0.04488073817207791,0.004561975447955117,6,13
78.12105210526316,0.04488073817207791,0.009029195758047302,7,11
78.12105210526316,0.04488073817207791,0.00255131649436447,8,2
78.12105210526316,0.04488073817207791,0.010780029815133844,9,15
78.12105210526316,0.04488073817207791,0.15535124111927612,10,10
78.12105210526316,0.06619268399772696,0.08559731578713427,1,16
78.12105210526316,0.06619268399772696,0.008556329412623206,2,13
78.12105210526316,0.06619268399772696,0.009225174634741432,3,4
78.12105210526316,0.06619268399772696,0.013052992093326632,4,2
78.12105210526316,0.06619268399772696,0.011015704880559554,5,15
78.12105210526316,0.06619268399772696,0.005184781443002942,6,11
78.12105210526316,0.06619268399772696,0.03830787601098695,7,16
78.12105210526316,0.06619268399772696,0.0008366064089580749,8,13
78.12105210526316,0.06619268399772696,0.01190822863224384,9,10
78.12105210526316,0.06619268399772696,0.003454591242084439,10,15
78.12105210526316,0.09762476272167929,0.0195941106250191,1,2
78.12105210526316,0.09762476272167929,0.026285573126581904,2,16
78.12105210526316,0.09762476272167929,0.023698806841824276,3,4
78.12105210526316,0.09762476272167929,0.02493433844353434,4,17
78.12105210526316,0.09762476272167929,0.0014265059627853003,5,13
78.12105210526316,0.09762476272167929,0.003171067622530831,6,11
78.12105210526316,0.09762476272167929,0.01576505783655191,7,15
78.12105210526316,0.09762476272167929,0.01650358812303353,8,2
78.12105210526316,0.09762476272167929,0.009659314523413067,9,10
78.12105210526316,0.09762476272167929,0.0023626802284573813,10,9
78.12105210526316,0.14398259325443524,0.001707625899781441,1,16
78.12105210526316,0.14398259325443524,0.010912385539893451,2,5
78.12105210526316,0.14398259325443524,0.005251338487547497,3,4
78.12105210526316,0.14398259325443524,0.01436551173852936,4,15
78.12105210526316,0.14398259325443524,0.0013459293668389623,5,11
78.12105210526316,0.14398259325443524,0.020805989012788434,6,10
78.12105210526316,0.14398259325443524,0.00395666912640894,7,13
78.12105210526316,0.14398259325443524,0.018246173925878004,8,14
78.12105210526316,0.14398259325443524,0.011494073187876068,9,6
78.12105210526316,0.14398259325443524,0.0033158203897892657,10,17
78.12105210526316,0.21235377769239233,0.014581355089907771,1,2
78.12105210526316,0.21235377769239233,0.001934816721164632,2,5
78.12105210526316,0.21235377769239233,0.021816285215199134,3,15
78.12105210526316,0.21235377769239233,0.003731817100860613,4,9
78.12105210526316,0.21235377769239233,0.00874878866019966,5,16
78.12105210526316,0.21235377769239233,0.006548740098573993,6,7
78.12105210526316,0.21235377769239233,0.028898500945277916,7,11
78.12105210526316,0.21235377769239233,0.008232292269483611,8,10
78.12105210526316,0.21235377769239233,0.03889249565081377,9,14
78.12105210526316,0.21235377769239233,0.022696535245490174,10,2
78.12105210526316,0.3131915176756464,0.017269334187364885,1,13
78.12105210526316,0.3131915176756464,0.00989226837974945,2,4
78.12105210526316,0.3131915176756464,0.006448201232677191,3,6
78.12105210526316,0.3131915176756464,0.0005521477384897297,4,3
78.12105210526316,0.3131915176756464,0.035801845559051804,5,15
78.12105210526316,0.3131915176756464,0.014796219384870633,6,17
78.12105210526316,0.3131915176756464,0.029714711019777122,7,10
78.12105210526316,0.3131915176756464,0.04850260275353868,8,14
78.12105210526316,0.3131915176756464,0.006163280579243323,9,8
78.12105210526316,0.3131915176756464,0.0036556324609385783,10,5
78.12105210526316,0.46191279387579304,0.032688756631401084,1,11
78.12105210526316,0.46191279387579304,0.09993555741719139,2,7
78.12105210526316,0.46191279387579304,0.004771293747604088,3,9
78.12105210526316,0.46191279387579304,0.010364211134969815,4,2
78.12105210526316,0.46191279387579304,0.0029285638698367663,5,16
78.12105210526316,0.46191279387579304,0.0021044888883850394,6,15
78.12105210526316,0.46191279387579304,0.016541648144020052,7,13
78.12105210526316,0.46191279387579304,0.03029249451977711,8,4
78.12105210526316,0.46191279387579304,0.0187269451076513,9,14
78.12105210526316,0.46191279387579304,0.007085079709076484,10,12
78.12105210526316,0.6812554526687684,0.09563047274669034,1,11
78.12105210526316,0.6812554526687684,0.018641081317257443,2,10
78.12105210526316,0.6812554526687684,0.05262048741972596,3,2
78.12105210526316,0.6812554526687684,0.0061526770168007444,4,6
78.12105210526316,0.6812554526687684,0.008027078688579001,5,3
78.12105210526316,0.6812554526687684,0.014687097211857762,6,17
78.12105210526316,0.6812554526687684,0.010420003828904695,7,8
78.12105210526316,0.6812554526687684,0.014628652835416278,8,5
78.12105210526316,0.6812554526687684,0.009960108299019324,9,15
78.12105210526316,0.6812554526687684,0.009269621649180073,10,7
78.12105210526316,1.0047545726038207,0.01695783616756022,1,9
78.12105210526316,1.0047545726038207,0.018756053133641634,2,16
78.12105210526316,1.0047545726038207,0.04126907862819368,3,11
78.12105210526316,1.0047545726038207,0.006813379101613556,4,6
78.12105210526316,1.0047545726038207,0.060667369959775876,5,2
78.12105210526316,1.0047545726038207,0.011763189211566638,6,14
78.12105210526316,1.0047545726038207,0.002132993425478068,7,13
78.12105210526316,1.0047545726038207,0.005738733464996086,8,4
78.12105210526316,1.0047545726038207,0.003411959086134508,9,12
78.12105210526316,1.0047545726038207,0.040376333933460365,10,15
78.12105210526316,1.4818696088428454,0.028977446643461174,1,10
78.12105210526316,1.4818696088428454,0.08939253692160605,2,3
78.12105210526316,1.4818696088428454,0.03438042629556546,3,17
78.12105210526316,1.4818696088428454,0.04325713183600864,4,5
78.12105210526316,1.4818696088428454,0.011114750260481386,5,8
78.12105210526316,1.4818696088428454,0.009358867540318493,6,11
78.12105210526316,1.4818696088428454,0.012470737255063055,7,7
78.12105210526316,1.4818696088428454,0.012013722514116209,8,6
78.12105210526316,1.4818696088428454,0.00955731353486148,9,9
78.12105210526316,1.4818696088428454,0.019738563910461193,10,2
78.12105210526316,2.185546199527391,0.028029750473059296,1,16
78.12105210526316,2.185546199527391,0.01623007725423116,2,15
78.12105210526316,2.185546199527391,0.01576462465789113,3,4
78.12105210526316,2.185546199527391,0.10499582939654453,4,14
78.12105210526316,2.185546199527391,0.00989866675586053,5,13
78.12105210526316,2.185546199527391,0.05062362547889982,6,12
78.12105210526316,2.185546199527391,0.006363728511603444,7,10
78.12105210526316,2.185546199527391,0.01800047726027888,8,6
78.12105210526316,2.185546199527391,0.008659130997590051,9,2
78.12105210526316,2.185546199527391,0.0196817576606319,10,3
78.12105210526316,3.2233687510459736,0.040077404021061976,1,17
78.12105210526316,3.2233687510459736,0.022740042408620976,2,11
78.12105210526316,3.2233687510459736,0.015267039318069563,3,8
78.12105210526316,3.2233687510459736,0.07875055326040581,4,5
78.12105210526316,3.2233687510459736,0.012138501437372912,5,7
78.12105210526316,3.2233687510459736,0.04377219514322425,6,4
78.12105210526316,3.2233687510459736,0.02377348669139834,7,9
78.12105210526316,3.2233687510459736,89.97049334434922,8,15
78.12105210526316,3.2233687510459736,75.39300201233573,9,16
78.12105210526316,3.2233687510459736,0.007175480067356423,10,6
78.12105210526316,4.754008909748038,66.37906638660684,1,2
78.12105210526316,4.754008909748038,75.76155868459874,2,13
78.12105210526316,4.754008909748038,0.02736189769511003,3,3
78.12105210526316,4.754008909748038,82.18241902778651,4,14
78.12105210526316,4.754008909748038,0.010741830860778121,5,10
78.12105210526316,4.754008909748038,96.87125114457228,6,8
78.12105210526316,4.754008909748038,76.39057915835909,7,12
78.12105210526316,4.754008909748038,70.88364885156933,8,7
78.12105210526316,4.754008909748038,56.67937898034504,9,11
78.12105210526316,4.754008909748038,85.8130603107893,10,5
78.12105210526316,7.011484710407719,91.57718362468061,1,17
78.12105210526316,7.011484710407719,82.30406480853058,2,9
78.12105210526316,7.011484710407719,93.90369018917904,3,4
78.12105210526316,7.011484710407719,61.16853289675731,4,3
78.12105210526316,7.011484710407719,102.47971679321545,5,10
78.12105210526316,7.011484710407719,73.28267981685644,6,6
78.12105210526316,7.011484710407719,82.60102928108273,7,7
78.12105210526316,7.011484710407719,76.03930781084529,8,3
78.12105210526316,7.011484710407719,88.6881556924167,9,8
78.12105210526316,7.011484710407719,94.56172116233311,10,2
78.12105210526316,10.34093935824895,82.95390144977692,1,13
78.12105210526316,10.34093935824895,73.59256898796872,2,11
78.12105210526316,10.34093935824895,98.87903203298958,3,16
78.12105210526316,10.34093935824895,104.9176077208462,4,12
78.12105210526316,10.34093935824895,91.48336801410797,5,15
78.12105210526316,10.34093935824895,107.29062098525998,6,4
78.12105210526316,10.34093935824895,78.94123733629529,7,14
78.12105210526316,10.34093935824895,80.86109569830367,8,10
78.12105210526316,10.34093935824895,110.6933122436883,9,6
78.12105210526316,10.34093935824895,65.87257463146331,10,9
78.12105210526316,15.251409826545087,90.33174863879424,1,5
78.12105210526316,15.251409826545087,81.72099742819509,2,3
78.12105210526316,15.251409826545087,94.92246326852232,3,17
78.12105210526316,15.251409826545087,93.76821229478863,4,13
78.12105210526316,15.251409826545087,103.00451114600118,5,8
78.12105210526316,15.251409826545087,102.55980527535823,6,7
78.12105210526316,15.251409826545087,89.01482683417686,7,11
78.12105210526316,15.251409826545087,95.7433225402922,8,15
78.12105210526316,15.251409826545087,94.87387775935547,9,14
78.12105210526316,15.251409826545087,101.4159872702882,10,2
78.12105210526316,22.493653007614338,101.9109495536777,1,16
78.12105210526316,22.493653007614338,112.3209272326064,2,10
78.12105210526316,22.493653007614338,109.54227550050325,3,4
78.12105210526316,22.493653007614338,100.98651182285293,4,9
78.12105210526316,22.493653007614338,108.42083426362989,5,5
78.12105210526316,22.493653007614338,115.94717958435388,6,3
78.12105210526316,22.493653007614338,103.79951922279723,7,17
78.12105210526316,22.493653007614338,101.52840391259646,8,12
78.12105210526316,22.493653007614338,133.72926650435596,9,13
78.12105210526316,22.493653007614338,84.81314777978865,10,11
82.85263105263158,0.04488073817207791,0.021493877808775666,1,14
82.85263105263158,0.04488073817207791,0.017703350228859008,2,6
82.85263105263158,0.04488073817207791,0.015425540230918662,3,15
82.85263105263158,0.04488073817207791,0.0024191941346640316,4,14
82.85263105263158,0.04488073817207791,0.0017190973977442255,5,15
82.85263105263158,0.04488073817207791,0.009257699805626051,6,6
82.85263105263158,0.04488073817207791,0.009014230758808446,7,8
82.85263105263158,0.04488073817207791,0.00352262511998882,8,16
82.85263105263158,0.04488073817207791,0.022428326807914116,9,7
82.85263105263158,0.04488073817207791,0.004219344063361187,10,14
82.85263105263158,0.06619268399772696,0.00851061296611651,1,4
82.85263105263158,0.06619268399772696,0.012211624965773066,2,15
82.85263105263158,0.06619268399772696,0.004963372217537374,3,6
82.85263105263158,0.06619268399772696,0.003004084017887603,4,16
82.85263105263158,0.06619268399772696,0.022588994164409015,5,2
82.85263105263158,0.06619268399772696,0.0025277319743819233,6,8
82.85263105263158,0.06619268399772696,0.00480766835789218,7,7
82.85263105263158,0.06619268399772696,0.0023352625128102043,8,4
82.85263105263158,0.06619268399772696,0.007331193915184076,9,14
82.85263105263158,0.06619268399772696,0.014870791627193368,10,15
82.85263105263158,0.09762476272167929,0.0002643744714992191,1,16
82.85263105263158,0.09762476272167929,0.024040536132447825,2,8
82.85263105263158,0.09762476272167929,0.0014914378273608328,3,3
82.85263105263158,0.09762476272167929,0.0065625144922634195,4,9
82.85263105263158,0.09762476272167929,0.006708807037058859,5,7
82.85263105263158,0.09762476272167929,0.009129512718422467,6,6
82.85263105263158,0.09762476272167929,0.0018454373421149417,7,2
82.85263105263158,0.09762476272167929,0.00046375182227871196,8,10
82.85263105263158,0.09762476272167929,0.02213087412584753,9,15
82.85263105263158,0.09762476272167929,0.02907365096965607,10,17
82.85263105263158,0.14398259325443524,0.008601698630222077,1,4
82.85263105263158,0.14398259325443524,0.008629892348035418,2,5
82.85263105263158,0.14398259325443524,0.016123163134016853,3,16
82.85263105263158,0.14398259325443524,0.003052079518187402,4,14
82.85263105263158,0.14398259325443524,0.0017210249111304962,5,9
82.85263105263158,0.14398259325443524,0.020574266349416722,6,3
82.85263105263158,0.14398259325443524,0.005794618674411111,7,8
82.85263105263158,0.14398259325443524,0.0013528551450788626,8,7
82.85263105263158,0.14398259325443524,0.03562664194106261,9,2
82.85263105263158,0.14398259325443524,0.00624769016583211,10,6
82.85263105263158,0.21235377769239233,0.006222920619564291,1,17
82.85263105263158,0.21235377769239233,0.032401264049035865,2,10
82.85263105263158,0.21235377769239233,0.013164618755407491,3,4
82.85263105263158,0.21235377769239233,0.012981686457487554,4,15
82.85263105263158,0.21235377769239233,0.0094727543541305,5,16
82.85263105263158,0.21235377769239233,0.011500791884084652,6,5
82.85263105263158,0.21235377769239233,0.010945703680417775,7,9
82.85263105263158,0.21235377769239233,0.009179554676404425,8,12
82.85263105263158,0.21235377769239233,0.01732904752724404,9,3
82.85263105263158,0.21235377769239233,0.005224933549059294,10,14
82.85263105263158,0.3131915176756464,0.00510825658866327,1,7
82.85263105263158,0.3131915176756464,0.0036678917044932736,2,2
82.85263105263158,0.3131915176756464,0.004800070930250703,3,8
82.85263105263158,0.3131915176756464,0.031653063926180586,4,15
82.85263105263158,0.3131915176756464,0.013143200857502691,5,11
82.85263105263158,0.3131915176756464,0.046992576085542026,6,17
82.85263105263158,0.3131915176756464,0.056199540568612504,7,4
82.85263105263158,0.3131915176756464,0.0020784548229450446,8,10
82.85263105263158,0.3131915176756464,0.008741163457115788,9,6
82.85263105263158,0.3131915176756464,0.005220936810766265,10,16
82.85263105263158,0.46191279387579304,0.06529905780421771,1,9
82.85263105263158,0.46191279387579304,0.004409925552631146,2,5
82.85263105263158,0.46191279387579304,0.011778083917385334,3,12
82.85263105263158,0.46191279387579304,0.010204093780310286,4,2
82.85263105263158,0.46191279387579304,0.009487102404295586,5,7
82.85263105263158,0.46191279387579304,0.012947327885923982,6,3
82.85263105263158,0.46191279387579304,0.012654951299959031,7,11
82.85263105263158,0.46191279387579304,0.0021729254701014075,8,14
82.85263105263158,0.46191279387579304,0.015812585372062704,9,9
82.85263105263158,0.46191279387579304,0.012268793063357106,10,8
82.85263105263158,0.6812554526687684,0.03503356115483632,1,17
82.85263105263158,0.6812554526687684,0.01265897563475037,2,15
82.85263105263158,0.6812554526687684,0.011432458690599567,3,4
82.85263105263158,0.6812554526687684,0.016118595471570477,4,13
82.85263105263158,0.6812554526687684,0.017759399369335717,5,10
82.85263105263158,0.6812554526687684,0.02198160576469825,6,16
82.85263105263158,0.6812554526687684,0.042793985248174155,7,6
82.85263105263158,0.6812554526687684,0.02518203668206192,8,12
82.85263105263158,0.6812554526687684,0.021435388756693985,9,5
82.85263105263158,0.6812554526687684,0.025680269338157355,10,7
82.85263105263158,1.0047545726038207,0.00879802095741948,1,11
82.85263105263158,1.0047545726038207,0.01057726517640144,2,4
82.85263105263158,1.0047545726038207,0.019880924827884807,3,3
82.85263105263158,1.0047545726038207,0.021360494564636477,4,2
82.85263105263158,1.0047545726038207,0.013945952980534778,5,10
82.85263105263158,1.0047545726038207,0.00928204948937787,6,14
82.85263105263158,1.0047545726038207,0.04667103077363663,7,9
82.85263105263158,1.0047545726038207,0.020900793809174822,8,8
82.85263105263158,1.0047545726038207,0.015717658649417522,9,17
82.85263105263158,1.0047545726038207,0.0004998564755575502,10,15
82.85263105263158,1.4818696088428454,0.020437554318912015,1,12
82.85263105263158,1.4818696088428454,0.015618237762593459,2,6
82.85263105263158,1.4818696088428454,0.017140507375923153,3,13
82.85263105263158,1.4818696088428454,0.05777953498301309,4,16
82.85263105263158,1.4818696088428454,0.0391320856599457,5,7
82.85263105263158,1.4818696088428454,0.01544687026625094,6,5
82.85263105263158,1.4818696088428454,0.019694127887450764,7,11
82.85263105263158,1.4818696088428454,0.037337694934032405,8,10
82.85263105263158,1.4818696088428454,0.014896558521259455,9,9
82.85263105263158,1.4818696088428454,0.010668139073765633,10,2
82.85263105263158,2.185546199527391,0.004859707470546406,1,4
82.85263105263158,2.185546199527391,0.009424986590448391,2,3
82.85263105263158,2.185546199527391,0.014422553636262395,3,14
82.85263105263158,2.185546199527391,0.013129536971548141,4,13
82.85263105263158,2.185546199527391,0.010671603978747378,5,12
82.85263105263158,2.185546199527391,109.92424449745856,6,17
82.85263105263158,2.185546199527391,0.006719428519341581,7,6
82.85263105263158,2.185546199527391,0.01465405733494546,8,15
82.85263105263158,2.185546199527391,0.047413891863792794,9,8
82.85263105263158,2.185546199527391,0.022047258811376567,10,16
82.85263105263158,3.2233687510459736,0.003344623604305782,1,7
82.85263105263158,3.2233687510459736,78.58197425170628,2,11
82.85263105263158,3.2233687510459736,0.02495607845234389,3,5
82.85263105263158,3.2233687510459736,0.015735515389577952,4,10
82.85263105263158,3.2233687510459736,0.030587735824993904,5,9
82.85263105263158,3.2233687510459736,0.01586939960356784,6,2
82.85263105263158,3.2233687510459736,73.208102900751,7,4
82.85263105263158,3.2233687510459736,0.023266883164366137,8,3
82.85263105263158,3.2233687510459736,0.008851139835246474,9,12
82.85263105263158,3.2233687510459736,0.0035785759082818834,10,14
82.85263105263158,4.754008909748038,95.42313765820943,1,15
82.85263105263158,4.754008909748038,82.00663918606448,2,6
82.85263105263158,4.754008909748038,96.84945373132217,3,13
82.85263105263158,4.754008909748038,77.07529117109308,4,16
82.85263105263158,4.754008909748038,92.12791966842931,5,8
82.85263105263158,4.754008909748038,93.53242787077993,6,7
82.85263105263158,4.754008909748038,93.43224851900675,7,9
82.85263105263158,4.754008909748038,80.05494982898355,8,10
82.85263105263158,4.754008909748038,75.1644297021136,9,5
82.85263105263158,4.754008909748038,88.68577378604888,10,2
82.85263105263158,7.011484710407719,92.62315191871339,1,3
82.85263105263158,7.011484710407719,86.80942136642454,2,12
82.85263105263158,7.011484710407719,74.98325377051448,3,14
82.85263105263158,7.011484710407719,81.76839336935967,4,4
82.85263105263158,7.011484710407719,78.67421387906109,5,11
82.85263105263158,7.011484710407719,90.37590336887301,6,17
82.85263105263158,7.011484710407719,106.48997493447736,7,6
82.85263105263158,7.011484710407719,103.16012355451792,8,7
82.85263105263158,7.011484710407719,88.77215173243428,9,5
82.85263105263158,7.011484710407719,70.16831900149658,10,9
82.85263105263158,10.34093935824895,81.44972945246988,1,10
82.85263105263158,10.34093935824895,66.93572113316233,2,8
82.85263105263158,10.34093935824895,98.50256517775894,3,4
82.85263105263158,10.34093935824895,103.31445520111177,4,3
82.85263105263158,10.34093935824895,53.964012292907455,5,16
82.85263105263158,10.34093935824895,93.7480512406626,6,15
82.85263105263158,10.34093935824895,132.2726796584104,7,13
82.85263105263158,10.34093935824895,92.69321881127176,8,14
82.85263105263158,10.34093935824895,125.67073545655936,9,2
82.85263105263158,10.34093935824895,86.55430116195802,10,12
82.85263105263158,15.251409826545087,122.51225812428261,1,9
82.85263105263158,15.251409826545087,100.09663050567727,2,11
82.85263105263158,15.251409826545087,79.30092852345182,3,5
82.85263105263158,15.251409826545087,107.04038114300883,4,8
82.85263105263158,15.251409826545087,101.13318588439336,5,17
82.85263105263158,15.251409826545087,81.48231406102546,6,6
82.85263105263158,15.251409826545087,89.12990799645586,7,7
82.85263105263158,15.251409826545087,77.77031985659494,8,4
82.85263105263158,15.251409826545087,109.49906143627221,9,3
82.85263105263158,15.251409826545087,106.17105642310466,10,10
82.85263105263158,22.493653007614338,86.34774537613154,1,16
82.85263105263158,22.493653007614338,114.07675756050037,2,15
82.85263105263158,22.493653007614338,120.89223442377836,3,13
82.85263105263158,22.493653007614338,104.51981955321422,4,2
82.85263105263158,22.493653007614338,106.72220266363158,5,14
82.85263105263158,22.493653007614338,102.11662081549416,6,11
82.85263105263158,22.493653007614338,112.44046647540917,7,12
82.85263105263158,22.493653007614338,114.96440781508016,8,8
82.85263105263158,22.493653007614338,101.98883887553465,9,7
82.85263105263158,22.493653007614338,100.5046085438479,10,5
87.58421,0.04488073817207791,0.007076732967037441,1,6
87.58421,0.04488073817207791,0.004990386959488668,2,9
87.58421,0.04488073817207791,0.025374455097992823,3,4
87.58421,0.04488073817207791,0.008909409299545082,4,17
87.58421,0.04488073817207791,0.0008998100279612724,5,6
87.58421,0.04488073817207791,0.0038054746871050336,6,3
87.58421,0.04488073817207791,0.0046816621568853585,7,10
87.58421,0.04488073817207791,0.013756379925435578,8,16
87.58421,0.04488073817207791,0.003435169627088948,9,9
87.58421,0.04488073817207791,0.002660788855349279,10,4
87.58421,0.06619268399772696,0.02226198434951763,1,6
87.58421,0.06619268399772696,0.019258464761146437,2,17
87.58421,0.06619268399772696,0.0022825243754223466,3,10
87.58421,0.06619268399772696,0.0097333886047738,4,16
87.58421,0.06619268399772696,0.0069209834477989025,5,3
87.58421,0.06619268399772696,0.0029349164488422412,6,9
87.58421,0.06619268399772696,0.003900174362109732,7,6
87.58421,0.06619268399772696,0.0054863771563275435,8,4
87.58421,0.06619268399772696,0.006730140863968916,9,10
87.58421,0.06619268399772696,0.021035559857796655,10,16
87.58421,0.09762476272167929,0.00638109089860287,1,17
87.58421,0.09762476272167929,0.0046211631300784595,2,11
87.58421,0.09762476272167929,0.014653847887903856,3,9
87.58421,0.09762476272167929,0.008310571081458563,4,3
87.58421,0.09762476272167929,0.01633308705531219,5,15
87.58421,0.09762476272167929,0.005715619498776466,6,10
87.58421,0.09762476272167929,0.0028223900243312377,7,16
87.58421,0.09762476272167929,0.00288707963962088,8,13
87.58421,0.09762476272167929,0.0048340463480438965,9,2
87.58421,0.09762476272167929,0.004760463159344201,10,6
87.58421,0.14398259325443524,0.053424251066021736,1,4
87.58421,0.14398259325443524,0.016268199340722374,2,11
87.58421,0.14398259325443524,0.01622004498625627,3,17
87.58421,0.14398259325443524,0.0027760952725927124,4,9
87.58421,0.14398259325443524,0.006856162503094251,5,16
87.58421,0.14398259325443524,0.015638874906669542,6,3
87.58421,0.14398259325443524,0.001737349159078772,7,13
87.58421,0.14398259325443524,0.017815123145823446,8,5
87.58421,0.14398259325443524,0.014897082809109266,9,15
87.58421,0.14398259325443524,0.010858523004277152,10,14
87.58421,0.21235377769239233,0.0104556160160658,1,10
87.58421,0.21235377769239233,0.0008699481050036184,2,11
87.58421,0.21235377769239233,0.03156407513878456,3,6
87.58421,0.21235377769239233,0.0122221525817648,4,2
87.58421,0.21235377769239233,0.0024586948702646177,5,9
87.58421,0.21235377769239233,0.0044737634261455385,6,4
87.58421,0.21235377769239233,0.012636146506126876,7,7
87.58421,0.21235377769239233,0.01262936310285407,8,17
87.58421,0.21235377769239233,0.04295840610913439,9,13
87.58421,0.21235377769239233,0.006596792658707705,10,14
87.58421,0.3131915176756464,0.01624800620330506,1,5
87.58421,0.3131915176756464,0.005666835945826941,2,8
87.58421,0.3131915176756464,0.019375575947627052,3,16
87.58421,0.3131915176756464,0.00458072091796667,4,6
87.58421,0.3131915176756464,0.0015906318089590047,5,3
87.58421,0.3131915176756464,0.0047359151337007565,6,15
87.58421,0.3131915176756464,0.002411670559603584,7,11
87.58421,0.3131915176756464,0.0009747830060766148,8,10
87.58421,0.3131915176756464,0.03623719607982021,9,9
87.58421,0.3131915176756464,0.0009965691001996386,10,2
87.58421,0.46191279387579304,0.007768891071491222,1,12
87.58421,0.46191279387579304,0.007143578006346541,2,7
87.58421,0.46191279387579304,0.0040023762045612215,3,13
87.58421,0.46191279387579304,0.009571389311604154,4,16
87.58421,0.46191279387579304,0.03566691434567653,5,4
87.58421,0.46191279387579304,0.01871814046780646,6,8
87.58421,0.46191279387579304,0.04891645241054595,7,17
87.58421,0.46191279387579304,0.006702687618353951,8,6
87.58421,0.46191279387579304,0.012615111371685746,9,5
87.58421,0.46191279387579304,0.006727265505521885,10,14
87.58421,0.6812554526687684,0.0010246784672814013,1,3
87.58421,0.6812554526687684,0.0670819339191364,2,11
87.58421,0.6812554526687684,0.004082643582040863,3,15
87.58421,0.6812554526687684,0.005490131245361202,4,10
87.58421,0.6812554526687684,0.016317759324815908,5,12
87.58421,0.6812554526687684,0.033474969639290204,6,16
87.58421,0.6812554526687684,0.0320351382075864,7,9
87.58421,0.6812554526687684,0.004002737785061116,8,13
87.58421,0.6812554526687684,0.014925082439228484,9,2
87.58421,0.6812554526687684,0.008926402445225912,10,8
87.58421,1.0047545726038207,0.005049390865910778,1,7
87.58421,1.0047545726038207,0.009881938150233098,2,5
87.58421,1.0047545726038207,0.07336000101173754,3,4
87.58421,1.0047545726038207,0.010674447603225855,4,6
87.58421,1.0047545726038207,0.0011764409628669246,5,17
87.58421,1.0047545726038207,0.07037392148364777,6,3
87.58421,1.0047545726038207,0.0020374264047540724,7,11
87.58421,1.0047545726038207,0.004697134115937264,8,14
87.58421,1.0047545726038207,0.0015346559432556604,9,16
87.58421,1.0047545726038207,0.028252310722029578,10,12
87.58421,1.4818696088428454,0.003792636957662962,1,15
87.58421,1.4818696088428454,0.0372045333607562,2,10
87.58421,1.4818696088428454,0.0034258090017890257,3,13
87.58421,1.4818696088428454,0.0026673934154673733,4,7
87.58421,1.4818696088428454,0.003789314749993439,5,9
87.58421,1.4818696088428454,0.022354218877627577,6,8
87.58421,1.4818696088428454,0.03533076548466871,7,5
87.58421,1.4818696088428454,0.007449860807289543,8,2
87.58421,1.4818696088428454,0.017340459788153337,9,6
87.58421,1.4818696088428454,0.02120015409183464,10,17
87.58421,2.185546199527391,0.00795173646901304,1,4
87.58421,2.185546199527391,0.04145372740091425,2,11
87.58421,2.185546199527391,0.006408857260603831,3,16
87.58421,2.185546199527391,0.01058923686298806,4,3
87.58421,2.185546199527391,0.06702672899675073,5,14
87.58421,2.185546199527391,0.017254680115719224,6,13
87.58421,2.185546199527391,0.01637344182941667,7,12
87.58421,2.185546199527391,0.004352548785803838,8,15
87.58421,2.185546199527391,0.0034379294035148055,9,10
87.58421,2.185546199527391,0.01904085381816558,10,7
87.58421,3.2233687510459736,0.00717179556539099,1,8
87.58421,3.2233687510459736,0.019188887448650008,2,17
87.58421,3.2233687510459736,82.05937484927243,3,9
87.58421,3.2233687510459736,0.021617949979197217,4,6
87.58421,3.2233687510459736,0.01168384321631222,5,5
87.58421,3.2233687510459736,101.03460269698105,6,2
87.58421,3.2233687510459736,0.013598543231743705,7,4
87.58421,3.2233687510459736,0.0196937288564999,8,16
87.58421,3.2233687510459736,83.42805363337155,9,14
87.58421,3.2233687510459736,0.01911275812237767,10,3
87.58421,4.754008909748038,78.86339844205561,1,11
87.58421,4.754008909748038,108.40998735308482,2,13
87.58421,4.754008909748038,77.97373588793216,3,7
87.58421,4.754008909748038,81.45953388223242,4,12
87.58421,4.754008909748038,65.60911421051294,5,15
87.58421,4.754008909748038,67.7128810644088,6,17
87.58421,4.754008909748038,101.7242408674939,7,10
87.58421,4.754008909748038,110.24756113847481,8,6
87.58421,4.754008909748038,95.45534309042436,9,8
87.58421,4.754008909748038,58.12460668856103,10,4
87.58421,7.011484710407719,125.41960192051944,1,5
87.58421,7.011484710407719,86.56486222856225,2,16
87.58421,7.011484710407719,98.35103552516885,3,3
87.58421,7.011484710407719,95.73009774143523,4,7
87.58421,7.011484710407719,103.15845680956991,5,15
87.58421,7.011484710407719,101.98879165777016,6,17
87.58421,7.011484710407719,109.12798573986417,7,9
87.58421,7.011484710407719,111.39484815460355,8,14
87.58421,7.011484710407719,82.32562512458352,9,11
87.58421,7.011484710407719,78.36035637070343,10,13
87.58421,10.34093935824895,104.48280386048367,1,4
87.58421,10.34093935824895,104.5953271475267,2,12
87.58421,10.34093935824895,95.1307414310032,3,10
87.58421,10.34093935824895,101.571511462571,4,2
87.58421,10.34093935824895,90.64476908507231,5,8
87.58421,10.34093935824895,101.42213760148982,6,16
87.58421,10.34093935824895,107.91880372558322,7,3
87.58421,10.34093935824895,112.25739133162406,8,6
87.58421,10.34093935824895,114.2314957258418,9,5
87.58421,10.34093935824895,89.28295207841003,10,7
87.58421,15.251409826545087,110.38567353994256,1,15
87.58421,15.251409826545087,110.68076801591774,2,11
87.58421,15.251409826545087,97.97658102806416,3,13
87.58421,15.251409826545087,107.17082089800881,4,17
87.58421,15.251409826545087,129.50556879671498,5,9
87.58421,15.251409826545087,129.00065214755656,6,2
87.58421,15.251409826545087,107.91366197284916,7,8
87.58421,15.251409826545087,143.8080456531659,8,12
87.58421,15.251409826545087,99.88260413516579,9,10
87.58421,15.251409826545087,121.26681931081464,10,4
87.58421,22.493653007614338,114.558911062563,1,14
87.58421,22.493653007614338,91.46592279333734,2,3
87.58421,22.493653007614338,100.23452318112741,3,16
87.58421,22.493653007614338,135.91699082106135,4,7
87.58421,22.493653007614338,143.43581840725207,5,6
87.58421,22.493653007614338,108.18012553889665,6,5
87.58421,22.493653007614338,114.3931577764278,7,15
87.58421,22.493653007614338,170.0774072884943,8,13
87.58421,22.493653007614338,114.66378079992487,9,11
87.58421,22.493653007614338,118.04550610747583,10,10
